,id,form_id,field_id,attachment_href,attachment_property_description,attachment_type,label
0,7vraAnT8rdGJ,sDSsGFG6,ppwyUO9XeUeU,,,null,Quebec
1,3wU4qng3Jv5v,sDSsGFG6,ZXWhG3tHvujk,,,null,I Decline
2,0bvUWsiKy7jw,t3S1Aj2b,VyZxTJhPq2kL,,,null,India
3,SmVTtWuVpcp0,gBPjc73l,LpUdjoU2p6AW,,,null,Quebec
4,C1YCCIUkk1gD,D3VWS0HU,FS9cbL0GulfY,,,null,Nova Scotia
5,FKUfrG3bmeaQ,sB22pTs4,B6yOTMxn5GwF,,,null,Something Else
6,hiOe7kY0036V,vPH6HjVp,GxDqlqvxYHUL,,,null,Kenya
7,5co6u5uLcIQp,sDSsGFG6,vdn7dFGngvfJ,,,null,Portugal
8,ylg1PTnEYB0a,wkbU6IGZ,DsKnf5UviETb,,,null,India
9,H2WOWEXttUGS,Yk9MAUKe,7xfqwD6ySuhj,,,image,Yes
10,QMiGOFZ3GLJi,E5C2ELEf,qQnZWAWmlD5e,,,null,Something Else
11,kVgW15gAu8WK,AmKKC6Z3,gY61qNkaKWFR,,,null,Nigeria
12,F3ymsbJazHu6,GOWEgK5z,fFnwONSFMQcQ,,,null,Talk Now
13,2tUjjaTA1XRH,UCMlw0B0,CxsyOCkc9t7X,,,null,Not Yet
14,tUdBhkEJYEZn,yLDDvlcz,CHCau8FdJrOw,,,null,Not Yet
15,6VsVZAklqNeC,pgBUOtUs,ICpCUDCnmm4M,,,null,Nova Scotia
16,4jAzTeZCrsAv,1u3dQSLd,5L19Fm1N7Tdc,,,null,Yes
17,OvCuicqiQ7UV,mFkkzZW9,IXv1kaxFjNOG,,,image,No
18,7hUFkv3XaqLb,eiqqlfDa,g4mpmNZiGd86,,,null,Gravy
19,Yt53itzDNGJ8,qxDBWmOV,fGKAZ3quqHy0,,,null,Talk Now
20,2bDw1hjPhlZc,NA5dJkdS,DeoeaUD8dAjF,,,null,Nova Scotia
21,Ft66LjF4PD0Z,wkbU6IGZ,RN9IHfVE1xYN,,,null,Cheese
22,DwNhFf3HbWzk,0v9JGDym,uTtLtWkjxRge,,,null,No
23,Etvt0xB1z9Ar,1u3dQSLd,OFCDakIGXnpG,,,image,Not Yet
24,KVmgm7Sc02Ho,wkbU6IGZ,ste6UwDbBY8X,,,null,Quebec
25,LeezRdlrL1z7,sB22pTs4,qEzP0ACVQFrG,,,null,I Decline
26,Z85QEbT2mTui,Qk9RySog,xdaD8dlVc2s2,,,null,Nigeria
27,LxApTOTQYDmp,yLDDvlcz,NCVHR7NpVsya,,,null,Talk Now
28,sdikvCEg8fEb,bnis90mp,B6cbXHzlkLae,,,null,Nova Scotia
29,xZJd04JF8A83,OOmKB6Y5,AdrsOzHo9eU1,,,null,Yes
30,79woaYJCHtWl,0skQEjxM,DVYwejSftvYz,,,null,Kenya
31,FlJnxfSdBrWo,B4GjTdOd,I6SMLE0IbnLM,,,null,I Decline
32,dxzqzXKrKZ8m,wfzCK4wd,4l6Gg0V6k7lA,,,null,Fries
33,A83AErdheZAx,M2U1tbLu,4zIKyMn7vTM1,,,null,No
34,WNun1moDMwFk,bnis90mp,GMhxnaDEizBy,,,null,Gravy
35,j7UG5kNHau6X,vPH6HjVp,cAodqmBikKC0,,,null,Nova Scotia
36,RKKhJnIn7G0S,NA5dJkdS,qfNqdmncVgY8,,,null,Yes
37,Eg0NmzYmlj2D,yeaQBVQl,5kDmw3X32uoz,,,null,No
38,QgMhr0JWBWsO,wfzCK4wd,89k0PTOnynZU,,,null,Fries
39,j2KJc6NOQeCl,z6YmwlfL,gAXOdRnUWvFA,,,null,British Columbia
40,TjtcmGSNMUXM,SIUxZUz6,q3ZbsvyXPnqF,,,null,No
41,EE0kd0xkCEqD,MlpktgJY,IYwOrvbvgam4,,,null,Yes
42,faeIt8Gd1yzi,3JHbezZc,3slvUZEVLDOc,,,null,Nigeria
43,NVvb1eYG5Ope,wkbU6IGZ,P8xhYmeHBxsf,,,null,Nigeria
44,YNd7PiXtB42z,3JHbezZc,EO0scOfSv67r,,,null,No
45,J5cplZtiza3h,pgBUOtUs,RRnsghe83Pq6,,,image,Ontario
46,gdPZ0nKwJA83,iD3BXG7C,CAgdJFFaeBoi,,,null,Portugal
47,jFWmqS3uMiyv,HNEMpIsa,EhLBVT7nfxKw,,,null,Gravy
48,O9gZi4QBLANf,1dRXXlhS,YFZMHXeTMdHe,,,null,I Decline
49,8ZKUbsMtFjYf,GOWEgK5z,3GE1yxZtXEz4,,,null,Brazil
50,FqX2z3FzzbcZ,UdwuOEYk,AMw3OEfWIZxR,,,null,Yes
51,OF9ECN5iHJZZ,eiqqlfDa,WaumW9LHn88F,,,null,I Accept
52,wp3jjBMYk9q0,jrf6HtjX,f9tZgk0BDl00,,,null,Not Yet
53,pCsgTOjZnXuJ,2Dl5Ojbz,Q35FUf1vzVM9,,,null,India
54,TckHLKsDjz2F,vPH6HjVp,s8sudLKUXiQU,,,null,Ontario
55,FheUWDCP1wKv,sDSsGFG6,ocPqqFQbv45H,,,null,Gravy
56,4Bt0lrNATLKQ,MjCQ5S00,l3onOWIjkbVw,,,null,Fries
57,kvZHxro1nIEr,4Szgz90h,j2B9CnlvdwRs,,,null,I Decline
58,6Y675JXLBsaw,eiqqlfDa,9V53qXzcXj22,,,null,Ontario
59,qGiFFKwdpT6R,M2U1tbLu,fL4mx4azKD2i,,,null,Cheese
60,mhQtAEBMsAVs,3JHbezZc,TOOYOoLdtsz6,,,null,Gravy
61,ER6rOX6WN8Ek,cKx37zuM,jy79vEogeAOG,,,null,I Decline
62,SGLYGjtewGfj,eiqqlfDa,fK7ppnh9U0IL,,,null,Quebec
63,ucZKkFZaPN54,cKx37zuM,JRtArJcw8MvC,,,null,Not Yet
64,HsxeLm2GyGcr,iD3BXG7C,VTs3IPuJvJKa,,,null,India
65,3znoGOWPyNqM,jrf6HtjX,YsGSkH6CLMir,,,null,Talk Now
66,2v0vj2xD6wl1,wkbU6IGZ,kZW1W08Inoxz,,,null,Kenya
67,ZDwR7kxMZK6y,ZaKqO7WH,7YBH9RlJgFlZ,,,null,Cheese
68,6PKlQx6XycMj,wkbU6IGZ,mnaQ7Mh6aV9O,,,null,Portugal
69,eXzCNWxm1R3Y,wkbU6IGZ,G6Xwd34UrQBh,,,null,Something Else
70,mfGnmfYYeuYp,OkXkhMY3,5NNSF0ZQA2t1,,,null,Quebec
71,StVRFBHARHFE,vPH6HjVp,ntUhWNJpjNrH,,,null,Kenya
72,mZftK5MTxizX,OkXkhMY3,rkXcD4bPduCv,,,null,Ontario
73,OqP69x2B0VFB,wfzCK4wd,OSpFOlcg5h1D,,,null,I Accept
74,l9S6TXwwYRGz,MlpktgJY,5H8cIImnvzIH,,,null,Nova Scotia
75,sLrkKOaRi7Vt,HNEMpIsa,Krp0qPlKCPhG,,,null,Something Else
76,hopRGLuWHaeH,OKx1lt82,G2NocuXi7wp4,,,null,Something Else
77,qdtBgmKH9EBK,wkbU6IGZ,zT8ANsTwNVjO,,,null,Not Yet
78,DruzZKFxe8MT,sB22pTs4,IKJ6jImDD2lv,,,image,Kenya
79,BrpiDUFcXLO2,yeaQBVQl,Jd6MP3T5q7JM,,,null,Quebec
80,1MpXdDetciE4,wfzCK4wd,iiAACLYkoG1Z,,,null,Something Else
81,px0pT41crNog,yLDDvlcz,7kzkS5muMUR5,,,null,Talk Now
82,zhq2KVOmdCkJ,GOWEgK5z,BWoxa3NFgzz7,,,null,Ontario
83,U8G00Fk7kx21,gBPjc73l,sMuM1Je4A6Fq,,,null,Quebec
84,dmdFmfezQCgR,czMWBewW,BwActgBS9uin,,,null,Yes
85,Ycv28YfMxWue,HNEMpIsa,1mSSC4my4joL,,,null,Talk Now
86,qOdkW8szBAfp,xJy9dMdk,N3kpHPeu7LYf,,,image,British Columbia
87,hsCU5eU8j312,SIUxZUz6,iGUmxIJuTo2a,,,null,British Columbia
88,k2ihip3E07Io,2Dl5Ojbz,Yis83zYrysbE,,,null,Nova Scotia
89,9VRivUKKCCFT,wfzCK4wd,HsPboWjWNd03,,,null,Not Yet
90,igv3YRwqXL1I,xJy9dMdk,PAvrBt1QNt3b,,,null,I Accept
91,p9EicrWMqqmM,B4GjTdOd,qfb8bD21MlZQ,,,null,Fries
92,R2D8eXEtZR9O,OOmKB6Y5,gcWrzqHggtpI,,,null,Need more information
93,Uk4x8SEU0R3s,UdwuOEYk,kQ2UjIVxskjf,,,null,Yes
94,UxGLQiF7Rmba,OOmKB6Y5,38wT7VQUT56G,,,null,Kenya
95,tw08wYSFFojh,OOmKB6Y5,Mg0PY0HKxqkR,,,null,Ontario
96,eEWyr08g8Bzq,0v9JGDym,LAwqYBSelk3Q,,,null,Portugal
97,su6Ym7plKI4E,FLykESrn,7QzhnkiX5BLX,,,null,Portugal
98,lfqjAt230IPm,xHQThEtD,Vf0hJFInBBPo,,,null,Quebec
99,ysMMAdkgnu2A,UdwuOEYk,xovMr2qRDg8B,,,null,Cheese
100,CgkUuwMgoFVb,uNcRmP5L,kltIB9VgBBro,,,null,Ontario
101,cQsU5Bs17lm4,MjCQ5S00,uwCYR8bliz6k,,,null,Not Yet
102,y0XTK21Dr5yZ,UdwuOEYk,Xn9gZ6wz9cOh,,,null,I Accept
103,srTPK6MzK4gV,sDSsGFG6,L47Mn4ZO955t,,,null,No
104,oS7tB0jtXOq8,z6YmwlfL,UoChymz6XyDY,,,null,Yes
105,48VxADq1Lux5,gBPjc73l,34BjJ4LpfxFU,,,null,Something Else
106,7BB2B8pUhkbG,1dRXXlhS,t0CdlufOYf2f,,,null,Quebec
107,KZa1efIm9Elg,GOWEgK5z,rrsXg6LzKrGy,,,null,Quebec
108,nlZjscBqradr,sDSsGFG6,byxB6KLzl83u,,,null,India
109,a8Modpe3H2NT,1dRXXlhS,5mAXTXptShEN,,,image,Need more information
110,UytT9PUsCS0I,sDSsGFG6,YC1dZlmvV3RB,,,null,No
111,AmIIqbiTv1KG,FLykESrn,Qqw0JZEY9XGh,,,image,Cheese
112,sgBnVRRii4LQ,vUq5YSDB,GUNbIcylLMNW,,,null,Fries
113,QldYZv3Riz7P,SIUxZUz6,HJuoDz4e2Vg9,,,null,Brazil
114,DJDqjenoXOTT,BCQVJnrM,3AKRfDYo9SQS,,,null,No
115,Ec7FAgpEnOUZ,j73CTENC,yN49o6pgpU9a,,,null,Portugal
116,x7c46Eeq8bUZ,wkbU6IGZ,riX0oHjhHamm,,,null,No
117,Hxn31wXliqN6,t3S1Aj2b,2luyIzLVXeqq,,,null,Something Else
118,84Fk2ftFDCby,vUq5YSDB,y3xohP87Zb1f,,,null,Gravy
119,fpxJWGjD5QBG,MdPnIanj,jB7uhMKYIML5,,,null,Not Yet
120,,,k3PAmh4F9UOw,,,,
121,,,nQYT524RQJYb,,,,
122,,,wIv3bh98WaRo,,,,
123,,,L3FHxhKg7rJC,,,,
124,,,wYhicFQbHZff,,,,
125,,,WSF9893kwF8N,,,,
126,,,osVNun9dJ2Yv,,,,
127,,,Urvk9nNIetIx,,,,
128,,,4hB1WFBW6GY4,,,,
129,,,HQA2qZl5a4Z4,,,,
130,,,SpSncO29b3p4,,,,
131,,,5d38cN3dHUUr,,,,
132,,,C8BgzNonghwR,,,,
133,,,NV4h5OEDb9WF,,,,
134,,,GgLvqxsZ2frV,,,,
135,,,Y6Q9fYpdjnYr,,,,
136,,,jnes8lqqNZDg,,,,
137,,,kr0STrfN30V1,,,,
138,,,OTjozFCNGomL,,,,
139,,,uDRAJgabdFDv,,,,
140,,,zpcTQ2k1gNnW,,,,
141,,,K20eklylvvtC,,,,
142,,,Mkosg0ChvbXU,,,,
143,,,WljP4GWbNnap,,,,
144,,,V5Ha9TqDjTiR,,,,
145,,,QMVMGoWYTY8E,,,,
146,,,4jRPSDDheoW3,,,,
147,,,RvbtT5sMOrgA,,,,
148,,,aBTRm3R9Nmgl,,,,
149,,,GGr14hA1l9bE,,,,
150,,,ncc81zkuUtid,,,,
151,,,mzXtEofh5UJX,,,,
152,,,FAtrYQBTyUSJ,,,,
153,,,EMjrf64Ai6XD,,,,
154,,,lORrQhrohYhE,,,,
155,,,L0mXfjx0a8UO,,,,
156,,,VIDY4PR0t5TJ,,,,
157,,,6nFEGcB1fCSw,,,,
158,,,2mEh5hjICnNC,,,,
159,,,iDn60NDPzv28,,,,
160,,,XknJhOCaYm1H,,,,
161,,,QpZxX5F0LNHb,,,,
162,,,bgLODoX8eD1q,,,,
163,,,zjJGOvKXTiza,,,,
164,,,iCy3fZCLVN55,,,,
165,,,Nc1d3QzLg4yE,,,,
166,,,6FiAVkusnAoV,,,,
167,,,AmTLD5qs56tf,,,,
168,,,aWCLUHmfOOMA,,,,
169,,,y7XERrgECmNb,,,,
170,,,XNpCTAac5pJU,,,,
171,,,MqiYZKKM9bMS,,,,
172,,,CKU9A8wCRfRu,,,,
173,,,qWQcHUgrTR6u,,,,
174,,,Ez0UZqhxGevr,,,,
175,,,gJtKRMvs66XL,,,,
176,,,jKRR8PI35y1v,,,,
177,,,3fEyjIrMoKBQ,,,,
178,,,e4TW5kFAZVl7,,,,
179,,,P9acfMEMQZ1y,,,,
180,,,5LJrn24WWduO,,,,
181,,,tLX3QVpbFSiW,,,,
182,,,g4dMsXZbpJ08,,,,
183,,,r7zMZNhiCxHf,,,,
184,,,oFuw9T03PWg0,,,,
185,,,S9138aBbpZgt,,,,
186,,,psWTkDjkB2P7,,,,
187,,,g6yu0ynyevkA,,,,
188,,,7cjxFQ4BSNUN,,,,
189,,,JASMOtYX20Wm,,,,
190,,,ixp8t5jbTA7S,,,,
191,,,plryrUjQf0xu,,,,
192,,,HxTZX521xuDo,,,,
193,,,RzKcLUBIkOfo,,,,
194,,,npFJinJ9Adrv,,,,
195,,,UmUA1vk41v93,,,,
196,,,O9Bxj2ebIV0C,,,,
197,,,dYD1TmvaQXRY,,,,
198,,,BV2qVklKWzUg,,,,
199,,,t7SvXH3jjXyo,,,,
200,,,6nNhKty9zsGQ,,,,
201,,,Os7wrzDRV8oP,,,,
202,,,jkuEuakP6gLr,,,,
203,,,eSAnLVrOsa9Y,,,,
204,,,8woGUbK4QOCf,,,,
205,,,05c6QzMkFRm5,,,,
206,,,MXEPZBKGJuzr,,,,
207,,,dmcODLrCvsOf,,,,
208,,,1OwURogs2a1Q,,,,
209,,,HPQOtKpNDdmw,,,,
210,,,qUJnpYACE9v3,,,,
211,,,xdOjZE9sQpov,,,,
212,,,mSRPaPqrwyWS,,,,
213,,,7UpOVFCu40jK,,,,
214,,,U80tN709hbFS,,,,
215,,,Zbqh40P3VueJ,,,,
216,,,BN0m3zNBcyDY,,,,
217,,,v0s1lbVfBgFt,,,,
218,,,nwtE9XZbGfur,,,,
219,,,Uki3fjxwTphD,,,,
220,,,C8msYp4ufUod,,,,
221,,,sJm9yvOjrhYU,,,,
222,,,7sQ8Wnna4i6g,,,,
223,,,0qt0EOBvBeJl,,,,
224,,,DrwuEhsbXP97,,,,
225,,,6Yz1bIDe5CIu,,,,
226,,,mQ06GAsoJyDl,,,,
227,,,Xwbkpl7eRARP,,,,
228,,,SK2SI48ULvZe,,,,
229,,,ImKQkLmXoGc8,,,,
230,,,G4R8Yauij8lM,,,,
231,,,pvCt8k0jMffM,,,,
232,,,JoHaKy03QTTX,,,,
233,,,2TDsXbxYNJN1,,,,
234,,,uk00vgWBODU1,,,,
235,,,zEyEVlhpU7Vc,,,,
236,,,qluyICi7n2HC,,,,
237,,,er9xQObzC1ks,,,,
238,,,vnF2AugvMPOF,,,,
239,,,upks8BFpbV6G,,,,
240,,,DlRNJNL312u6,,,,
241,,,OzAIMj6fCjmu,,,,
242,,,PvGX4BAUEaRI,,,,
243,,,Z01riJD1ZUc0,,,,
244,,,3GJO3hFfTH2c,,,,
245,,,BpR5td4yuZ2w,,,,
246,,,f3bdx419ccRw,,,,
247,,,yv3tCYiD4mWL,,,,
248,,,XxtuOTihTiWy,,,,
249,,,Uo0cgHdonQPU,,,,
250,,,w8hnmOED19wm,,,,
251,,,DKuTT4VMCzZe,,,,
252,,,Dvlzurc9MNKJ,,,,
253,,,rJ5Z2DOL45k3,,,,
254,,,uK6XVJZAWReC,,,,
255,,,3qHpgvY860w7,,,,
256,,,XMA15TNlFZ95,,,,
257,,,TonHOgKXD0iG,,,,
258,,,i5FYe03m6NFP,,,,
259,,,pPtuM1EnSRid,,,,
260,,,gkD4EAW9I5Vr,,,,
261,,,u1m0voIVTqrr,,,,
262,,,owVxnvVMvLKH,,,,
263,,,DxNm148GmSM2,,,,
264,,,zm3lT1g1hthh,,,,
265,,,VQ4ao7XTrDdl,,,,
266,,,Nvt0YGsaw5Fb,,,,
267,,,30FSy3cBc573,,,,
268,,,2LcnrRywyZMi,,,,
269,,,eCe23TFzpWoz,,,,
270,,,B6ws0Wf4Oegl,,,,
271,,,jxIhbrQI9MAH,,,,
272,,,BiKfhYtcPAx6,,,,
273,,,Kj7Anyba9fcH,,,,
274,,,cpEtgTo82EAw,,,,
275,,,4UvkOvCcaMnP,,,,
276,,,ZquDQxCi9JAV,,,,
277,,,uTz41JE1G0Mo,,,,
278,,,aVnn3uRbhNdt,,,,
279,,,pyT6LNDY4dpk,,,,
280,,,re3XXxtSjLQw,,,,
281,,,w3mtjwgOr2VF,,,,
282,,,gI8sotapmZiG,,,,
283,,,DoPEW5pbRnOa,,,,
284,,,HW0F2dTdmCDW,,,,
285,,,s4fDuSMskOHm,,,,
286,,,xbQyPw2dYukR,,,,
287,,,bQlKSzESIFbr,,,,
288,,,L1yoKa5f6Bv9,,,,
289,,,nmRQiT1xYjjp,,,,
290,,,zMCf1xL8ONvu,,,,
291,,,w4zELDFYnV0D,,,,
292,,,CDCYffmtNtLz,,,,
293,,,EHhnwBAXyO4J,,,,
294,,,f5eeMCsfZaDP,,,,
295,,,tUbAECMuvLpn,,,,
296,,,WJGr77CgOBxm,,,,
297,,,T2y65IaaGjM2,,,,
298,,,O42W16hLsrsu,,,,
299,,,iCOkzuKgkU4Z,,,,
300,,,8vA8oT5JR0YR,,,,
301,,,FtVv47VrH21L,,,,
302,,,ommwL0jepTxi,,,,
303,,,Ssz0TL3YxIXJ,,,,
304,,,bEH0yUTtpjDr,,,,
305,,,jHnBvKEsOyik,,,,
306,,,7pUYnoAiYCxw,,,,
307,,,Y39lVwxopvKX,,,,
308,,,MN0jeg5Gdz4c,,,,
309,,,WjuaeM7mE0ox,,,,
310,,,q58zuHDSvXfV,,,,
311,,,CPzHpqR5q8qB,,,,
312,,,1zK3Ly58CBSB,,,,
313,,,tkw2gajQtFW4,,,,
314,,,THDukBh2kTWk,,,,
315,,,lLMVHnqJQMZO,,,,
316,,,TWW0KvmdtexH,,,,
317,,,U5BmYx3rlDKn,,,,
318,,,229ij5ifz2bI,,,,
319,,,Oc4keY5RFIp3,,,,
320,,,ES8H4iNXqw4c,,,,
321,,,buO2irme22ER,,,,
322,,,yIfaKHuh6Mdj,,,,
323,,,AGBXdIjC5PkQ,,,,
324,,,LiRXf5h8lZ0X,,,,
325,,,v3VHH8JITQDX,,,,
326,,,rznBwJBCGtGC,,,,
327,,,hLzlPKnWjnSj,,,,
328,,,BLJhVKjjG6GJ,,,,
329,,,tkrSgXAI8WY1,,,,
330,,,m9kL83PYUxI0,,,,
331,,,eh09uVxf9Mkm,,,,
332,,,t5C4SA2X2khc,,,,
333,,,3VGfvrl90Nm2,,,,
334,,,ofFTpaBEr5Lg,,,,
335,,,eJQRAq26LuHu,,,,
336,,,oa80dIrfEAZc,,,,
337,,,EcVC77lmbVUs,,,,
338,,,3sSilLodfqqM,,,,
339,,,dfUdbLmwcovy,,,,
340,,,PkyyO1YsFpfS,,,,
341,,,e4gY3AgFQGqg,,,,
342,,,jqO45sBiPidg,,,,
343,,,kRVvOpBqdRh4,,,,
344,,,2BV9tmTkN2ms,,,,
345,,,oh8hJdK2eN0B,,,,
346,,,WSk4LQGiBAGv,,,,
347,,,Tfg02EnMC3Z7,,,,
348,,,tUiWOmG5nCYX,,,,
349,,,kHdnvF0U2Xg3,,,,
350,,,FHzxFR7epKLZ,,,,
351,,,8uIMQw7duZd8,,,,
352,,,qp8ywEOFVNOg,,,,
353,,,kKpXVEldFMc3,,,,
354,,,msXARFz5dXg3,,,,
355,,,YZnkkAs5RIF5,,,,
356,,,WZS6eZQYMukV,,,,
357,,,GPxJCqNJoM5q,,,,
358,,,hTkrdzOYXolW,,,,
359,,,9aPpb7yxT5o0,,,,
360,,,m5fPYQ9QBEDG,,,,
361,,,0wbV7WQtAFBR,,,,
362,,,Z8uUMwKAVTT0,,,,
363,,,dyTb7tU6gNGF,,,,
364,,,dvEvehqhXN0L,,,,
365,,,zAXSJjq9gqm4,,,,
366,,,SrcPiEVmZ66H,,,,
367,,,fBXr8UGj5wXz,,,,
368,,,UHVmnMMr4tX5,,,,
369,,,7hQW975PvWus,,,,
370,,,7zG75TdUl5Mz,,,,
371,,,pc0HxkNuAf8H,,,,
372,,,A8LfsPzDkW3F,,,,
373,,,Dlo4hD0y2onU,,,,
374,,,z7qT7uPemFXZ,,,,
375,,,gKvqgx631Ea8,,,,
376,,,DGPBiAFuxgx2,,,,
377,,,B2sUkEIREKQA,,,,
378,,,lcxHHDQt02tH,,,,
379,,,ggSaQxsPjkm6,,,,
380,,,KeR4FBOwYtws,,,,
381,,,8dQ0jsZQ6OOh,,,,
382,,,N0cagJstsLeH,,,,
383,,,9R5FFr16kB1j,,,,
384,,,GKS5ZvjprvXN,,,,
385,,,KDxGl4ZMocS5,,,,
386,,,jI9vrtQfgKix,,,,
387,,,9rZhcE8CRu7g,,,,
388,,,5UEHxF9z3DqG,,,,
389,,,KiKFv8Vva99N,,,,
390,,,H55txqhf6dYB,,,,
391,,,qnIXJqwX8btR,,,,
392,,,4xgSxnIreZ2T,,,,
393,,,aGTmrnRDigob,,,,
394,,,b8C7qB3l0mjW,,,,
395,,,8K1YVei5udjz,,,,
396,,,jfyKB7EtwVhJ,,,,
397,,,7iPtdhzmiqxj,,,,
398,,,gz8bHemOoDzs,,,,
399,,,73pfCOGtYp7X,,,,
