,id,form_id,form_parent_field_id,layout_attachment_property_brightness,layout_attachment_property_description,layout_attachment_property_focal_point_x,layout_attachment_property_focal_point_y,layout_attachment_href,layout_attachment_scale,layout_attachement_type,layout_placement,layout_type,property_allow_multiple_selection,property_allow_other_choice,property_alphabetical_order,property_button_text,property_currency,property_default_country_code,property_description,property_hide_marks,property_label_center,property_label_left,property_label_right,property_price_type,property_price_value,property_randomize,property_separator,property_shape,property_show_button,property_show_labels,property_start_at_one,property_structure,property_supersized,property_vertical_alignment,ref,title,type,validation_max_length,validation_max_selection,validation_max_value,validation_min_selection,validation_min_value,validation_required
0,ppwyUO9XeUeU,D3VWS0HU,,,,,,,,,,,,,,,,,,,,,,,,,,,,,,,,,WsFFWrct-t4ve-WJF8-qiWm-aWHIEi5lCewN,Temporary title #42,file_upload,,,,,,
1,ZXWhG3tHvujk,AmKKC6Z3,,,,,,,,,,,,,,,,,,,,,,,,,,,,,,,,,0760lKRq-vISF-QAgD-RIiT-7Nk3Rl5HcikR,Temporary title #29,long_text,,,,,,
2,VyZxTJhPq2kL,Lbzmv24K,,,,,,,,,,,,,,,,,,,,,,,,,,,,,,,,,EE9HKVoC-Rz5o-53od-QeDs-D1VBbhJJyc0m,Temporary title #51,file_upload,,,,,,
3,LpUdjoU2p6AW,1dRXXlhS,,,,,,,,,,,,,,,,,,,,,,,,,,,,,,,,,ElTuYJom-U9HX-CVft-SIu5-8f2NVCxJmGj6,Temporary title #96,statement,,,,,,
4,FS9cbL0GulfY,1dRXXlhS,,,,,,,,,,,,,,,,,,,,,,,,,,,,,,,,,rfrh23eL-vkQB-jrTA-FDM7-StWDqsEDDxeA,Temporary title #111,short_text,,,,,,
5,B6yOTMxn5GwF,sDSsGFG6,,,,,,,,,,,,,,,,,,,,,,,,,,,,,,,,,L0RHcghA-SEim-pHVO-A5yG-7hX3E7fTAG6M,Temporary title #125,opinion_scale,,,,,,
6,GxDqlqvxYHUL,Yk9MAUKe,,,,,,,,,,,,,,,,,,,,,,,,,,,,,,,,,M1SFWyMM-bSuy-z84X-x5Sp-0JMDPaFlVNqX,Temporary title #57,short_text,,,,,,
7,vdn7dFGngvfJ,sB22pTs4,,,,,,,,,,,,,,,,,,,,,,,,,,,,,,,,,jqZT8hbp-4WL5-DlNf-2dAX-IWDxE93Ft0wN,Temporary title #139,dropdown,,,,,,
8,DsKnf5UviETb,czMWBewW,,,,,,,,,,,,,,,,,,,,,,,,,,,,,,,,,rU3z6tV6-QJqY-WxdM-sQSw-rneoJdlzDR42,Temporary title #9,THANKYOU_SCREEN,,,,,,
9,7xfqwD6ySuhj,OkXkhMY3,,,,,,,,,,,,,,,,,,,,,,,,,,,,,,,,,OtpImmWK-yiie-23O0-fGJP-0a1tgZTAF5N8,Temporary title #68,phone_number,,,,,,
10,qQnZWAWmlD5e,MdPnIanj,,,,,,,,,,,,,,,,,,,,,,,,,,,,,,,,,rU3z6tV6-QJqY-WxdM-sQSw-rneoJdlzDR42,Temporary title #144,multiple_choice,,,,,,
11,gY61qNkaKWFR,3JHbezZc,,,,,,,,,,,,,,,,,,,,,,,,,,,,,,,,,9PZ5RmUg-oKIy-ZM4f-nawE-ojEMv6LORe0f,Temporary title #54,picture_choice,,,,,,
12,fFnwONSFMQcQ,sB22pTs4,,,,,,,,,,,,,,,,,,,,,,,,,,,,,,,,,8ZV3Nu1x-r5Ia-q1cO-d5EB-GBWnrZIVy5ot,Temporary title #146,short_text,,,,,,
13,CxsyOCkc9t7X,xJy9dMdk,,,,,,,,,,,,,,,,,,,,,,,,,,,,,,,,,vvUilddO-09f1-lIxp-PPPp-TtQpwhNQ4hqV,Temporary title #30,group,,,,,,
14,CHCau8FdJrOw,cKx37zuM,,,,,,,,,,,,,,,,,,,,,,,,,,,,,,,,,UCFoVXfv-xkbr-jeMn-kNEs-VkCe1YcaGulJ,Temporary title #92,statement,,,,,,
15,ICpCUDCnmm4M,pgBUOtUs,,,,,,,,,,,,,,,,,,,,,,,,,,,,,,,,,9PZ5RmUg-oKIy-ZM4f-nawE-ojEMv6LORe0f,Temporary title #132,THANKYOU_SCREEN,,,,,,
16,5L19Fm1N7Tdc,FLykESrn,,,,,,,,,,,,,,,,,,,,,,,,,,,,,,,,,68ophXOH-rc59-JVFy-ucqh-yOxVPQAfjPtM,Temporary title #91,short_text,,,,,,
17,IXv1kaxFjNOG,NA3y3ZPm,,,,,,,,,,,,,,,,,,,,,,,,,,,,,,,,,CXr5yYXh-1yIi-JW0m-26jE-gxPBlLziJ43P,Temporary title #68,picture_choice,,,,,,
18,g4mpmNZiGd86,AmKKC6Z3,,,,,,,,,,,,,,,,,,,,,,,,,,,,,,,,,K5tvCGsu-sLTX-KByg-tBgW-HUCTYqcZnOQz,Temporary title #69,THANKYOU_SCREEN,,,,,,
19,fGKAZ3quqHy0,FLykESrn,,,,,,,,,,,,,,,,,,,,,,,,,,,,,,,,,KKT0FMxd-giFG-HLG8-t8OL-55TZL9wx9kQX,Temporary title #80,email,,,,,,
20,DeoeaUD8dAjF,ODF8TTxQ,,,,,,,,,,,,,,,,,,,,,,,,,,,,,,,,,PUO0z3lB-HyRI-GbQm-ExRI-Qv1YqTGhcHSd,Temporary title #50,dropdown,,,,,,
21,RN9IHfVE1xYN,SIUxZUz6,,,,,,,,,,,,,,,,,,,,,,,,,,,,,,,,,bbym5gFV-RUeU-r8cM-xPm0-FaHN7BWVQRlu,Temporary title #67,dropdown,,,,,,
22,uTtLtWkjxRge,iD3BXG7C,,,,,,,,,,,,,,,,,,,,,,,,,,,,,,,,,K5tvCGsu-sLTX-KByg-tBgW-HUCTYqcZnOQz,Temporary title #151,yes_no,,,,,,
23,OFCDakIGXnpG,mFkkzZW9,,,,,,,,,,,,,,,,,,,,,,,,,,,,,,,,,VEQ4ecJG-0KuW-yYZo-7p0w-rm6NF4BW6xhs,Temporary title #141,multiple_choice,,,,,,
24,ste6UwDbBY8X,vPH6HjVp,,,,,,,,,,,,,,,,,,,,,,,,,,,,,,,,,OtpImmWK-yiie-23O0-fGJP-0a1tgZTAF5N8,Temporary title #27,WELCOME_SCREEN,,,,,,
25,qEzP0ACVQFrG,MdPnIanj,,,,,,,,,,,,,,,,,,,,,,,,,,,,,,,,,YXgGdHso-mJHZ-wIVh-NszL-0xVES1a43eMd,Temporary title #7,opinion_scale,,,,,,
26,xdaD8dlVc2s2,2Dl5Ojbz,,,,,,,,,,,,,,,,,,,,,,,,,,,,,,,,,yH2oYSOT-Vvav-aqWL-WTAE-fyGLoNZq9Q5a,Temporary title #64,statement,,,,,,
27,NCVHR7NpVsya,vPH6HjVp,,,,,,,,,,,,,,,,,,,,,,,,,,,,,,,,,rU3z6tV6-QJqY-WxdM-sQSw-rneoJdlzDR42,Temporary title #122,yes_no,,,,,,
28,B6cbXHzlkLae,vPH6HjVp,,,,,,,,,,,,,,,,,,,,,,,,,,,,,,,,,EE9HKVoC-Rz5o-53od-QeDs-D1VBbhJJyc0m,Temporary title #141,phone_number,,,,,,
29,AdrsOzHo9eU1,yLDDvlcz,,,,,,,,,,,,,,,,,,,,,,,,,,,,,,,,,uu31yirn-Rpg6-7QYA-JjAO-GQdLeD7eviCB,Temporary title #113,phone_number,,,,,,
30,DVYwejSftvYz,D3VWS0HU,,,,,,,,,,,,,,,,,,,,,,,,,,,,,,,,,RAFgOIXz-Q0S8-iP5l-ijQi-DAOBezEg1GtO,Temporary title #90,WELCOME_SCREEN,,,,,,
31,I6SMLE0IbnLM,uNcRmP5L,,,,,,,,,,,,,,,,,,,,,,,,,,,,,,,,,dGJh7LEU-vhio-eslB-mbNP-9x99OyN7KoYT,Temporary title #27,group,,,,,,
32,4l6Gg0V6k7lA,sDSsGFG6,,,,,,,,,,,,,,,,,,,,,,,,,,,,,,,,,JCAnUJ0S-B1G1-HaHj-lk3d-QOtpse2GRsNR,Temporary title #147,long_text,,,,,,
33,4zIKyMn7vTM1,NA5dJkdS,,,,,,,,,,,,,,,,,,,,,,,,,,,,,,,,,xJ6c11kR-LICK-QZ75-WDtH-Z6haggHvM1uB,Temporary title #73,statement,,,,,,
34,GMhxnaDEizBy,2Dl5Ojbz,,,,,,,,,,,,,,,,,,,,,,,,,,,,,,,,,Xfxy1KPP-M0LE-dfzG-X4Ld-G8HJ0GL3RZPc,Temporary title #107,number,,,,,,
35,cAodqmBikKC0,AmKKC6Z3,,,,,,,,,,,,,,,,,,,,,,,,,,,,,,,,,AbM536ht-5rkn-ja6Z-MvSs-oVWEdRK2vzRV,Temporary title #149,long_text,,,,,,
36,qfNqdmncVgY8,UCMlw0B0,,,,,,,,,,,,,,,,,,,,,,,,,,,,,,,,,YXgGdHso-mJHZ-wIVh-NszL-0xVES1a43eMd,Temporary title #62,number,,,,,,
37,5kDmw3X32uoz,AmKKC6Z3,,,,,,,,,,,,,,,,,,,,,,,,,,,,,,,,,T9tQIpXN-hQVC-P92W-A6QF-zSvY4Doqu98B,Temporary title #99,long_text,,,,,,
38,89k0PTOnynZU,gBPjc73l,,,,,,,,,,,,,,,,,,,,,,,,,,,,,,,,,dGJh7LEU-vhio-eslB-mbNP-9x99OyN7KoYT,Temporary title #152,opinion_scale,,,,,,
39,gAXOdRnUWvFA,eiqqlfDa,,,,,,,,,,,,,,,,,,,,,,,,,,,,,,,,,UhsT5MLw-zMK2-9dJ9-vqXS-KIbZhlzs5zCS,Temporary title #36,picture_choice,,,,,,
40,q3ZbsvyXPnqF,t3S1Aj2b,,,,,,,,,,,,,,,,,,,,,,,,,,,,,,,,,BIo0RqDJ-599I-T823-xjkV-zbtkgwbZfRZF,Temporary title #25,date,,,,,,
41,IYwOrvbvgam4,vPH6HjVp,,,,,,,,,,,,,,,,,,,,,,,,,,,,,,,,,CXr5yYXh-1yIi-JW0m-26jE-gxPBlLziJ43P,Temporary title #124,group,,,,,,
42,3slvUZEVLDOc,UCMlw0B0,,,,,,,,,,,,,,,,,,,,,,,,,,,,,,,,,tVeoIKpq-e3fl-qDtW-vcT3-Xqmh51fc5Zme,Temporary title #72,multiple_choice,,,,,,
43,P8xhYmeHBxsf,FLykESrn,,,,,,,,,,,,,,,,,,,,,,,,,,,,,,,,,UIHsGZjj-XV70-6Gfc-j8G6-sJSD8d897Zux,Temporary title #98,WELCOME_SCREEN,,,,,,
44,EO0scOfSv67r,Qk9RySog,,,,,,,,,,,,,,,,,,,,,,,,,,,,,,,,,WS33TPdp-uVBm-XsQX-rkLx-skpH6DQjNu9A,Temporary title #40,dropdown,,,,,,
45,RRnsghe83Pq6,czMWBewW,,,,,,,,,,,,,,,,,,,,,,,,,,,,,,,,,9PZ5RmUg-oKIy-ZM4f-nawE-ojEMv6LORe0f,Temporary title #52,group,,,,,,
46,CAgdJFFaeBoi,UCMlw0B0,,,,,,,,,,,,,,,,,,,,,,,,,,,,,,,,,rZLrramf-Vwuw-A7xR-i4oZ-ayPhufKBaaYK,Temporary title #34,date,,,,,,
47,EhLBVT7nfxKw,eXBZf0dw,,,,,,,,,,,,,,,,,,,,,,,,,,,,,,,,,t26v5fn5-L5Oq-BE0E-rzwY-oBAmhQrZ8lvb,Temporary title #128,multiple_choice,,,,,,
48,YFZMHXeTMdHe,eiqqlfDa,,,,,,,,,,,,,,,,,,,,,,,,,,,,,,,,,WwQkwjVP-ljpw-alxd-n7mB-nWYYxICStbCj,Temporary title #136,WELCOME_SCREEN,,,,,,
49,3GE1yxZtXEz4,UCMlw0B0,,,,,,,,,,,,,,,,,,,,,,,,,,,,,,,,,aIPbGjgL-Yf9L-V5zO-oC20-w2iGb0c98vhr,Temporary title #50,group,,,,,,
50,AMw3OEfWIZxR,MlpktgJY,,,,,,,,,,,,,,,,,,,,,,,,,,,,,,,,,O0RhJ4rA-BIAJ-iyC9-cEEF-l3M40ql2J60p,Temporary title #132,date,,,,,,
51,WaumW9LHn88F,Qk9RySog,,,,,,,,,,,,,,,,,,,,,,,,,,,,,,,,,K5tvCGsu-sLTX-KByg-tBgW-HUCTYqcZnOQz,Temporary title #41,THANKYOU_SCREEN,,,,,,
52,f9tZgk0BDl00,mH7ZKWX9,,,,,,,,,,,,,,,,,,,,,,,,,,,,,,,,,3NOJt0j8-FlhS-4wrK-aQjp-OWs0pJhjAkRQ,Temporary title #79,file_upload,,,,,,
53,Q35FUf1vzVM9,B4GjTdOd,,,,,,,,,,,,,,,,,,,,,,,,,,,,,,,,,K5tvCGsu-sLTX-KByg-tBgW-HUCTYqcZnOQz,Temporary title #116,WELCOME_SCREEN,,,,,,
54,s8sudLKUXiQU,SIUxZUz6,,,,,,,,,,,,,,,,,,,,,,,,,,,,,,,,,p4CYfoQJ-YD8n-eSel-Bmup-c0bKsAIemJwM,Temporary title #65,phone_number,,,,,,
55,ocPqqFQbv45H,vUq5YSDB,,,,,,,,,,,,,,,,,,,,,,,,,,,,,,,,,AXcUw2eU-vBHP-Aemh-c1Iw-WMViSSqnYul7,Temporary title #128,group,,,,,,
56,l3onOWIjkbVw,uNcRmP5L,,,,,,,,,,,,,,,,,,,,,,,,,,,,,,,,,fHs6sDn8-kGQp-f29m-1T9q-Od8Y2EYQp9Fj,Temporary title #126,yes_no,,,,,,
57,j2B9CnlvdwRs,ZaKqO7WH,,,,,,,,,,,,,,,,,,,,,,,,,,,,,,,,,9PZ5RmUg-oKIy-ZM4f-nawE-ojEMv6LORe0f,Temporary title #126,multiple_choice,,,,,,
58,9V53qXzcXj22,cKx37zuM,,,,,,,,,,,,,,,,,,,,,,,,,,,,,,,,,jmxy7GsW-spLb-YMfs-usB8-bu0Adm2W2rgc,Temporary title #127,short_text,,,,,,
59,fL4mx4azKD2i,E5C2ELEf,,,,,,,,,,,,,,,,,,,,,,,,,,,,,,,,,TNCJ2DqA-XMgC-H3Hc-MLFU-hS7eWh0bKj8q,Temporary title #112,phone_number,,,,,,
60,TOOYOoLdtsz6,bnis90mp,,,,,,,,,,,,,,,,,,,,,,,,,,,,,,,,,aIPbGjgL-Yf9L-V5zO-oC20-w2iGb0c98vhr,Temporary title #22,yes_no,,,,,,
61,jy79vEogeAOG,FLykESrn,,,,,,,,,,,,,,,,,,,,,,,,,,,,,,,,,K5tvCGsu-sLTX-KByg-tBgW-HUCTYqcZnOQz,Temporary title #59,opinion_scale,,,,,,
62,fK7ppnh9U0IL,xHQThEtD,,,,,,,,,,,,,,,,,,,,,,,,,,,,,,,,,0eviAiI5-jdJk-NE2Y-0zR2-DlRjWV0fwpbw,Temporary title #144,number,,,,,,
63,JRtArJcw8MvC,3JWbiahb,,,,,,,,,,,,,,,,,,,,,,,,,,,,,,,,,68ophXOH-rc59-JVFy-ucqh-yOxVPQAfjPtM,Temporary title #4,long_text,,,,,,
64,VTs3IPuJvJKa,M2U1tbLu,,,,,,,,,,,,,,,,,,,,,,,,,,,,,,,,,Ghsqkr1K-jdqO-9NUu-Ofz1-M7s02bhJ2cZ4,Temporary title #110,file_upload,,,,,,
65,YsGSkH6CLMir,UCMlw0B0,,,,,,,,,,,,,,,,,,,,,,,,,,,,,,,,,HugU3lBb-xOag-jZnr-THdK-UJZvsA8Mdn8n,Temporary title #55,multiple_choice,,,,,,
66,kZW1W08Inoxz,BCQVJnrM,,,,,,,,,,,,,,,,,,,,,,,,,,,,,,,,,0bDIziS7-MMzH-EIlT-P92y-O4QLfDT2OGUl,Temporary title #110,short_text,,,,,,
67,7YBH9RlJgFlZ,Qk9RySog,,,,,,,,,,,,,,,,,,,,,,,,,,,,,,,,,1QT9uDfu-5aX9-c8cc-2YYS-uXIV6zuTRxYh,Temporary title #121,picture_choice,,,,,,
68,mnaQ7Mh6aV9O,cKx37zuM,,,,,,,,,,,,,,,,,,,,,,,,,,,,,,,,,jmxy7GsW-spLb-YMfs-usB8-bu0Adm2W2rgc,Temporary title #109,phone_number,,,,,,
69,G6Xwd34UrQBh,NA3y3ZPm,,,,,,,,,,,,,,,,,,,,,,,,,,,,,,,,,0760lKRq-vISF-QAgD-RIiT-7Nk3Rl5HcikR,Temporary title #37,THANKYOU_SCREEN,,,,,,
70,5NNSF0ZQA2t1,wkbU6IGZ,,,,,,,,,,,,,,,,,,,,,,,,,,,,,,,,,GZJohqgd-SBl4-AfBw-Y0mf-SG2sVf9RpP40,Temporary title #10,phone_number,,,,,,
71,ntUhWNJpjNrH,cKx37zuM,,,,,,,,,,,,,,,,,,,,,,,,,,,,,,,,,0bDIziS7-MMzH-EIlT-P92y-O4QLfDT2OGUl,Temporary title #94,picture_choice,,,,,,
72,rkXcD4bPduCv,B4GjTdOd,,,,,,,,,,,,,,,,,,,,,,,,,,,,,,,,,aIPbGjgL-Yf9L-V5zO-oC20-w2iGb0c98vhr,Temporary title #13,opinion_scale,,,,,,
73,OSpFOlcg5h1D,vPH6HjVp,,,,,,,,,,,,,,,,,,,,,,,,,,,,,,,,,feEqlO5D-Rhyh-n6T7-wJJg-Yx6IFTcwTX1A,Temporary title #74,date,,,,,,
74,5H8cIImnvzIH,M2U1tbLu,,,,,,,,,,,,,,,,,,,,,,,,,,,,,,,,,GZJohqgd-SBl4-AfBw-Y0mf-SG2sVf9RpP40,Temporary title #43,file_upload,,,,,,
75,Krp0qPlKCPhG,1u3dQSLd,,,,,,,,,,,,,,,,,,,,,,,,,,,,,,,,,rZLrramf-Vwuw-A7xR-i4oZ-ayPhufKBaaYK,Temporary title #70,opinion_scale,,,,,,
76,G2NocuXi7wp4,yeaQBVQl,,,,,,,,,,,,,,,,,,,,,,,,,,,,,,,,,79E0xor6-XUgz-tnkp-5sD6-TYdfbCSRTGax,Temporary title #23,dropdown,,,,,,
77,zT8ANsTwNVjO,iD3BXG7C,,,,,,,,,,,,,,,,,,,,,,,,,,,,,,,,,Ghsqkr1K-jdqO-9NUu-Ofz1-M7s02bhJ2cZ4,Temporary title #143,picture_choice,,,,,,
78,IKJ6jImDD2lv,yeaQBVQl,,,,,,,,,,,,,,,,,,,,,,,,,,,,,,,,,avI4GWw5-Fint-utLh-ZJ1w-irle5RyCQvp6,Temporary title #153,number,,,,,,
79,Jd6MP3T5q7JM,FLykESrn,,,,,,,,,,,,,,,,,,,,,,,,,,,,,,,,,5tWSwWnZ-MLZx-K13P-0o9V-ruQ3F6otv3VF,Temporary title #86,phone_number,,,,,,
80,iiAACLYkoG1Z,xHQThEtD,,,,,,,,,,,,,,,,,,,,,,,,,,,,,,,,,79E0xor6-XUgz-tnkp-5sD6-TYdfbCSRTGax,Temporary title #38,number,,,,,,
81,7kzkS5muMUR5,t3S1Aj2b,,,,,,,,,,,,,,,,,,,,,,,,,,,,,,,,,yH2oYSOT-Vvav-aqWL-WTAE-fyGLoNZq9Q5a,Temporary title #40,dropdown,,,,,,
82,BWoxa3NFgzz7,mH7ZKWX9,,,,,,,,,,,,,,,,,,,,,,,,,,,,,,,,,oXTq7W5L-IeNh-UFmP-uKa1-SMM1I9WKFOtD,Temporary title #18,multiple_choice,,,,,,
83,sMuM1Je4A6Fq,SIUxZUz6,,,,,,,,,,,,,,,,,,,,,,,,,,,,,,,,,JCAnUJ0S-B1G1-HaHj-lk3d-QOtpse2GRsNR,Temporary title #54,short_text,,,,,,
84,BwActgBS9uin,wkbU6IGZ,,,,,,,,,,,,,,,,,,,,,,,,,,,,,,,,,OPWMjB3V-HQeq-lbVv-vS8x-iGQBwB8NzmuH,Temporary title #19,date,,,,,,
85,1mSSC4my4joL,xJy9dMdk,,,,,,,,,,,,,,,,,,,,,,,,,,,,,,,,,jmxy7GsW-spLb-YMfs-usB8-bu0Adm2W2rgc,Temporary title #158,opinion_scale,,,,,,
86,N3kpHPeu7LYf,GOWEgK5z,,,,,,,,,,,,,,,,,,,,,,,,,,,,,,,,,5tWSwWnZ-MLZx-K13P-0o9V-ruQ3F6otv3VF,Temporary title #11,short_text,,,,,,
87,iGUmxIJuTo2a,2Dl5Ojbz,,,,,,,,,,,,,,,,,,,,,,,,,,,,,,,,,PkzmvjK4-gnPF-l22c-8jkP-f6yWVDZB8Gr1,Temporary title #156,date,,,,,,
88,Yis83zYrysbE,sB22pTs4,,,,,,,,,,,,,,,,,,,,,,,,,,,,,,,,,L0RHcghA-SEim-pHVO-A5yG-7hX3E7fTAG6M,Temporary title #67,yes_no,,,,,,
89,HsPboWjWNd03,xHQThEtD,,,,,,,,,,,,,,,,,,,,,,,,,,,,,,,,,1QT9uDfu-5aX9-c8cc-2YYS-uXIV6zuTRxYh,Temporary title #8,date,,,,,,
90,PAvrBt1QNt3b,wfzCK4wd,,,,,,,,,,,,,,,,,,,,,,,,,,,,,,,,,0B3eU5Iv-6f52-AWSs-ppFs-Ai4sAzZ4rV9C,Temporary title #25,yes_no,,,,,,
91,qfb8bD21MlZQ,0v9JGDym,,,,,,,,,,,,,,,,,,,,,,,,,,,,,,,,,8FXTEpIY-vN4F-Y0Tb-KAJx-LrAGdSs3uvko,Temporary title #102,long_text,,,,,,
92,gcWrzqHggtpI,Lbzmv24K,,,,,,,,,,,,,,,,,,,,,,,,,,,,,,,,,0bDIziS7-MMzH-EIlT-P92y-O4QLfDT2OGUl,Temporary title #152,long_text,,,,,,
93,kQ2UjIVxskjf,t3S1Aj2b,,,,,,,,,,,,,,,,,,,,,,,,,,,,,,,,,PkzmvjK4-gnPF-l22c-8jkP-f6yWVDZB8Gr1,Temporary title #67,date,,,,,,
94,38wT7VQUT56G,AmKKC6Z3,,,,,,,,,,,,,,,,,,,,,,,,,,,,,,,,,zSJsmiw2-zwSo-1k3T-IfuF-tl1Ukt7kyeEN,Temporary title #6,picture_choice,,,,,,
95,Mg0PY0HKxqkR,jrf6HtjX,,,,,,,,,,,,,,,,,,,,,,,,,,,,,,,,,2Xzng7tj-un8U-b7Sm-gr0h-CUNJ5xlL3kvV,Temporary title #135,date,,,,,,
96,LAwqYBSelk3Q,czMWBewW,,,,,,,,,,,,,,,,,,,,,,,,,,,,,,,,,SpSPAD6v-YoiC-7QUw-avNo-aWzxHyCv0btA,Temporary title #57,number,,,,,,
97,7QzhnkiX5BLX,GOWEgK5z,,,,,,,,,,,,,,,,,,,,,,,,,,,,,,,,,DfhF24Hp-L1vS-4XJl-7mzE-27jj6OtzuAJ4,Temporary title #40,short_text,,,,,,
98,Vf0hJFInBBPo,BCQVJnrM,,,,,,,,,,,,,,,,,,,,,,,,,,,,,,,,,WS33TPdp-uVBm-XsQX-rkLx-skpH6DQjNu9A,Temporary title #47,THANKYOU_SCREEN,,,,,,
99,xovMr2qRDg8B,xJy9dMdk,,,,,,,,,,,,,,,,,,,,,,,,,,,,,,,,,ElTuYJom-U9HX-CVft-SIu5-8f2NVCxJmGj6,Temporary title #101,THANKYOU_SCREEN,,,,,,
100,kltIB9VgBBro,NA3y3ZPm,,,,,,,,,,,,,,,,,,,,,,,,,,,,,,,,,N4Oou032-kFYH-CtNJ-cmK0-C1f5FQkWZSPE,Temporary title #28,WELCOME_SCREEN,,,,,,
101,uwCYR8bliz6k,OOmKB6Y5,,,,,,,,,,,,,,,,,,,,,,,,,,,,,,,,,xJ6c11kR-LICK-QZ75-WDtH-Z6haggHvM1uB,Temporary title #71,date,,,,,,
102,Xn9gZ6wz9cOh,GOWEgK5z,,,,,,,,,,,,,,,,,,,,,,,,,,,,,,,,,PkzmvjK4-gnPF-l22c-8jkP-f6yWVDZB8Gr1,Temporary title #47,group,,,,,,
103,L47Mn4ZO955t,mH7ZKWX9,,,,,,,,,,,,,,,,,,,,,,,,,,,,,,,,,GTQjeoyx-GYtf-8RNS-ezYt-pGR48N6vn7p5,Temporary title #135,group,,,,,,
104,UoChymz6XyDY,Qk9RySog,,,,,,,,,,,,,,,,,,,,,,,,,,,,,,,,,AbM536ht-5rkn-ja6Z-MvSs-oVWEdRK2vzRV,Temporary title #105,file_upload,,,,,,
105,34BjJ4LpfxFU,OOmKB6Y5,,,,,,,,,,,,,,,,,,,,,,,,,,,,,,,,,fHs6sDn8-kGQp-f29m-1T9q-Od8Y2EYQp9Fj,Temporary title #4,opinion_scale,,,,,,
106,t0CdlufOYf2f,Lbzmv24K,,,,,,,,,,,,,,,,,,,,,,,,,,,,,,,,,ghAsd2sh-Bw8b-PZ5v-MIla-5IXNtjiKAP6N,Temporary title #89,yes_no,,,,,,
107,rrsXg6LzKrGy,yeaQBVQl,,,,,,,,,,,,,,,,,,,,,,,,,,,,,,,,,p4CYfoQJ-YD8n-eSel-Bmup-c0bKsAIemJwM,Temporary title #82,group,,,,,,
108,byxB6KLzl83u,UdwuOEYk,,,,,,,,,,,,,,,,,,,,,,,,,,,,,,,,,WwQkwjVP-ljpw-alxd-n7mB-nWYYxICStbCj,Temporary title #123,date,,,,,,
109,5mAXTXptShEN,OOmKB6Y5,,,,,,,,,,,,,,,,,,,,,,,,,,,,,,,,,OtpImmWK-yiie-23O0-fGJP-0a1tgZTAF5N8,Temporary title #111,yes_no,,,,,,
110,YC1dZlmvV3RB,uNcRmP5L,,,,,,,,,,,,,,,,,,,,,,,,,,,,,,,,,Zxm4163y-iJRV-xaWP-Gohf-vZBRQiekC3Vl,Temporary title #4,opinion_scale,,,,,,
111,Qqw0JZEY9XGh,HNEMpIsa,,,,,,,,,,,,,,,,,,,,,,,,,,,,,,,,,avI4GWw5-Fint-utLh-ZJ1w-irle5RyCQvp6,Temporary title #1,number,,,,,,
112,GUNbIcylLMNW,UCMlw0B0,,,,,,,,,,,,,,,,,,,,,,,,,,,,,,,,,ACdfllYl-5pn3-nIHl-scfo-tLGOFwS02d05,Temporary title #62,WELCOME_SCREEN,,,,,,
113,HJuoDz4e2Vg9,OOmKB6Y5,,,,,,,,,,,,,,,,,,,,,,,,,,,,,,,,,0B3eU5Iv-6f52-AWSs-ppFs-Ai4sAzZ4rV9C,Temporary title #33,number,,,,,,
114,3AKRfDYo9SQS,eiqqlfDa,,,,,,,,,,,,,,,,,,,,,,,,,,,,,,,,,vvUilddO-09f1-lIxp-PPPp-TtQpwhNQ4hqV,Temporary title #144,short_text,,,,,,
115,yN49o6pgpU9a,j73CTENC,,,,,,,,,,,,,,,,,,,,,,,,,,,,,,,,,qq9IQXUM-kMpL-IqKo-y7wX-ZU7u7QjDF3xw,Temporary title #70,picture_choice,,,,,,
116,riX0oHjhHamm,OOmKB6Y5,,,,,,,,,,,,,,,,,,,,,,,,,,,,,,,,,7uXRJifo-QTgJ-vEuY-cQYD-4iGokgh7DbNT,Temporary title #92,phone_number,,,,,,
117,2luyIzLVXeqq,eiqqlfDa,,,,,,,,,,,,,,,,,,,,,,,,,,,,,,,,,7uXRJifo-QTgJ-vEuY-cQYD-4iGokgh7DbNT,Temporary title #117,number,,,,,,
118,y3xohP87Zb1f,SIUxZUz6,,,,,,,,,,,,,,,,,,,,,,,,,,,,,,,,,BIo0RqDJ-599I-T823-xjkV-zbtkgwbZfRZF,Temporary title #19,dropdown,,,,,,
119,jB7uhMKYIML5,OOmKB6Y5,,,,,,,,,,,,,,,,,,,,,,,,,,,,,,,,,68ophXOH-rc59-JVFy-ucqh-yOxVPQAfjPtM,Temporary title #114,THANKYOU_SCREEN,,,,,,
120,k3PAmh4F9UOw,pgBUOtUs,,,,,,,,,,,,,,,,,,,,,,,,,,,,,,,,,Xfxy1KPP-M0LE-dfzG-X4Ld-G8HJ0GL3RZPc,Temporary title #30,WELCOME_SCREEN,,,,,,
121,nQYT524RQJYb,GOWEgK5z,,,,,,,,,,,,,,,,,,,,,,,,,,,,,,,,,WsFFWrct-t4ve-WJF8-qiWm-aWHIEi5lCewN,Temporary title #50,picture_choice,,,,,,
122,wIv3bh98WaRo,SIUxZUz6,,,,,,,,,,,,,,,,,,,,,,,,,,,,,,,,,t26v5fn5-L5Oq-BE0E-rzwY-oBAmhQrZ8lvb,Temporary title #139,statement,,,,,,
123,L3FHxhKg7rJC,2Dl5Ojbz,,,,,,,,,,,,,,,,,,,,,,,,,,,,,,,,,TNCJ2DqA-XMgC-H3Hc-MLFU-hS7eWh0bKj8q,Temporary title #131,dropdown,,,,,,
124,wYhicFQbHZff,eiqqlfDa,,,,,,,,,,,,,,,,,,,,,,,,,,,,,,,,,WS33TPdp-uVBm-XsQX-rkLx-skpH6DQjNu9A,Temporary title #21,dropdown,,,,,,
125,WSF9893kwF8N,xHQThEtD,,,,,,,,,,,,,,,,,,,,,,,,,,,,,,,,,ZwRCtaj1-0HmX-ErY4-ZeKM-YUQStR7uPZmh,Temporary title #15,yes_no,,,,,,
126,osVNun9dJ2Yv,xHQThEtD,,,,,,,,,,,,,,,,,,,,,,,,,,,,,,,,,tVeoIKpq-e3fl-qDtW-vcT3-Xqmh51fc5Zme,Temporary title #39,dropdown,,,,,,
127,Urvk9nNIetIx,HNEMpIsa,,,,,,,,,,,,,,,,,,,,,,,,,,,,,,,,,59WJxlhK-jhS7-MHkc-CnTp-J0KAjwxupht3,Temporary title #147,date,,,,,,
128,4hB1WFBW6GY4,4Szgz90h,,,,,,,,,,,,,,,,,,,,,,,,,,,,,,,,,yH2oYSOT-Vvav-aqWL-WTAE-fyGLoNZq9Q5a,Temporary title #64,short_text,,,,,,
129,HQA2qZl5a4Z4,wkbU6IGZ,,,,,,,,,,,,,,,,,,,,,,,,,,,,,,,,,LAuKBKPF-WB5v-q3vC-xPuh-byYBt3fVGvxg,Temporary title #103,THANKYOU_SCREEN,,,,,,
130,SpSncO29b3p4,uNcRmP5L,,,,,,,,,,,,,,,,,,,,,,,,,,,,,,,,,VyalLNoh-YjDS-YGAv-dPRa-6WRWjGhQm5Sv,Temporary title #67,WELCOME_SCREEN,,,,,,
131,5d38cN3dHUUr,OKx1lt82,,,,,,,,,,,,,,,,,,,,,,,,,,,,,,,,,8FXTEpIY-vN4F-Y0Tb-KAJx-LrAGdSs3uvko,Temporary title #142,statement,,,,,,
132,C8BgzNonghwR,GOWEgK5z,,,,,,,,,,,,,,,,,,,,,,,,,,,,,,,,,pPolsWNO-kVqi-cUkw-mcga-B1wEVnbMUjAX,Temporary title #40,short_text,,,,,,
133,NV4h5OEDb9WF,yeaQBVQl,,,,,,,,,,,,,,,,,,,,,,,,,,,,,,,,,0bDIziS7-MMzH-EIlT-P92y-O4QLfDT2OGUl,Temporary title #105,number,,,,,,
134,GgLvqxsZ2frV,1dRXXlhS,,,,,,,,,,,,,,,,,,,,,,,,,,,,,,,,,oXTq7W5L-IeNh-UFmP-uKa1-SMM1I9WKFOtD,Temporary title #26,file_upload,,,,,,
135,Y6Q9fYpdjnYr,MlpktgJY,,,,,,,,,,,,,,,,,,,,,,,,,,,,,,,,,QibWqZlz-79fW-ydR0-Rz6e-7NyJRB1DhDqe,Temporary title #154,multiple_choice,,,,,,
136,jnes8lqqNZDg,mBngRt49,,,,,,,,,,,,,,,,,,,,,,,,,,,,,,,,,VVpbeo0o-uwLj-h6yU-CEyg-U0ye9Dweho61,Temporary title #30,file_upload,,,,,,
137,kr0STrfN30V1,eiqqlfDa,,,,,,,,,,,,,,,,,,,,,,,,,,,,,,,,,79E0xor6-XUgz-tnkp-5sD6-TYdfbCSRTGax,Temporary title #30,date,,,,,,
138,OTjozFCNGomL,UdwuOEYk,,,,,,,,,,,,,,,,,,,,,,,,,,,,,,,,,Cv0iPXHI-gNdK-QyBA-T1JG-D7SSrC2GqZ8l,Temporary title #94,yes_no,,,,,,
139,uDRAJgabdFDv,BCQVJnrM,,,,,,,,,,,,,,,,,,,,,,,,,,,,,,,,,SpSPAD6v-YoiC-7QUw-avNo-aWzxHyCv0btA,Temporary title #93,date,,,,,,
140,zpcTQ2k1gNnW,xHQThEtD,,,,,,,,,,,,,,,,,,,,,,,,,,,,,,,,,p4CYfoQJ-YD8n-eSel-Bmup-c0bKsAIemJwM,Temporary title #108,dropdown,,,,,,
141,K20eklylvvtC,FLykESrn,,,,,,,,,,,,,,,,,,,,,,,,,,,,,,,,,ACdfllYl-5pn3-nIHl-scfo-tLGOFwS02d05,Temporary title #69,group,,,,,,
142,Mkosg0ChvbXU,E5C2ELEf,,,,,,,,,,,,,,,,,,,,,,,,,,,,,,,,,FCTJsSof-qgGo-Ewxo-WDqB-e8xHb9OL4GAJ,Temporary title #72,phone_number,,,,,,
143,WljP4GWbNnap,GOWEgK5z,,,,,,,,,,,,,,,,,,,,,,,,,,,,,,,,,PSFh6pVD-ITA4-YvbA-wjpW-WKPAo8saqE8W,Temporary title #105,multiple_choice,,,,,,
144,V5Ha9TqDjTiR,FLykESrn,,,,,,,,,,,,,,,,,,,,,,,,,,,,,,,,,HugU3lBb-xOag-jZnr-THdK-UJZvsA8Mdn8n,Temporary title #5,statement,,,,,,
145,QMVMGoWYTY8E,wfzCK4wd,,,,,,,,,,,,,,,,,,,,,,,,,,,,,,,,,0B3eU5Iv-6f52-AWSs-ppFs-Ai4sAzZ4rV9C,Temporary title #102,group,,,,,,
146,4jRPSDDheoW3,qxDBWmOV,,,,,,,,,,,,,,,,,,,,,,,,,,,,,,,,,aIPbGjgL-Yf9L-V5zO-oC20-w2iGb0c98vhr,Temporary title #13,picture_choice,,,,,,
147,RvbtT5sMOrgA,GOWEgK5z,,,,,,,,,,,,,,,,,,,,,,,,,,,,,,,,,PSFh6pVD-ITA4-YvbA-wjpW-WKPAo8saqE8W,Temporary title #52,short_text,,,,,,
148,aBTRm3R9Nmgl,vPH6HjVp,,,,,,,,,,,,,,,,,,,,,,,,,,,,,,,,,Zxm4163y-iJRV-xaWP-Gohf-vZBRQiekC3Vl,Temporary title #143,group,,,,,,
149,GGr14hA1l9bE,1dRXXlhS,,,,,,,,,,,,,,,,,,,,,,,,,,,,,,,,,79E0xor6-XUgz-tnkp-5sD6-TYdfbCSRTGax,Temporary title #157,group,,,,,,
150,ncc81zkuUtid,UdwuOEYk,,,,,,,,,,,,,,,,,,,,,,,,,,,,,,,,,VPj7DT8M-zl66-k2wy-pVko-LKLORwqFts24,Temporary title #72,group,,,,,,
151,mzXtEofh5UJX,GOWEgK5z,,,,,,,,,,,,,,,,,,,,,,,,,,,,,,,,,PUO0z3lB-HyRI-GbQm-ExRI-Qv1YqTGhcHSd,Temporary title #38,group,,,,,,
152,FAtrYQBTyUSJ,vPH6HjVp,,,,,,,,,,,,,,,,,,,,,,,,,,,,,,,,,4TWcZrpa-RrOS-EcrG-XpXo-IRzHnwMR38F7,Temporary title #82,number,,,,,,
153,EMjrf64Ai6XD,AmKKC6Z3,,,,,,,,,,,,,,,,,,,,,,,,,,,,,,,,,uu31yirn-Rpg6-7QYA-JjAO-GQdLeD7eviCB,Temporary title #55,multiple_choice,,,,,,
154,lORrQhrohYhE,XlvGQEjc,,,,,,,,,,,,,,,,,,,,,,,,,,,,,,,,,0760lKRq-vISF-QAgD-RIiT-7Nk3Rl5HcikR,Temporary title #37,phone_number,,,,,,
155,L0mXfjx0a8UO,sDSsGFG6,,,,,,,,,,,,,,,,,,,,,,,,,,,,,,,,,rU3z6tV6-QJqY-WxdM-sQSw-rneoJdlzDR42,Temporary title #154,opinion_scale,,,,,,
156,VIDY4PR0t5TJ,czMWBewW,,,,,,,,,,,,,,,,,,,,,,,,,,,,,,,,,qq9IQXUM-kMpL-IqKo-y7wX-ZU7u7QjDF3xw,Temporary title #76,statement,,,,,,
157,6nFEGcB1fCSw,wkbU6IGZ,,,,,,,,,,,,,,,,,,,,,,,,,,,,,,,,,HugU3lBb-xOag-jZnr-THdK-UJZvsA8Mdn8n,Temporary title #10,dropdown,,,,,,
158,2mEh5hjICnNC,gBPjc73l,,,,,,,,,,,,,,,,,,,,,,,,,,,,,,,,,O0RhJ4rA-BIAJ-iyC9-cEEF-l3M40ql2J60p,Temporary title #68,multiple_choice,,,,,,
159,iDn60NDPzv28,MlpktgJY,,,,,,,,,,,,,,,,,,,,,,,,,,,,,,,,,VPj7DT8M-zl66-k2wy-pVko-LKLORwqFts24,Temporary title #38,long_text,,,,,,
160,XknJhOCaYm1H,eXBZf0dw,,,,,,,,,,,,,,,,,,,,,,,,,,,,,,,,,VPj7DT8M-zl66-k2wy-pVko-LKLORwqFts24,Temporary title #136,yes_no,,,,,,
161,QpZxX5F0LNHb,FLykESrn,,,,,,,,,,,,,,,,,,,,,,,,,,,,,,,,,bbym5gFV-RUeU-r8cM-xPm0-FaHN7BWVQRlu,Temporary title #96,picture_choice,,,,,,
162,bgLODoX8eD1q,wfzCK4wd,,,,,,,,,,,,,,,,,,,,,,,,,,,,,,,,,5tWSwWnZ-MLZx-K13P-0o9V-ruQ3F6otv3VF,Temporary title #4,long_text,,,,,,
163,zjJGOvKXTiza,NA3y3ZPm,,,,,,,,,,,,,,,,,,,,,,,,,,,,,,,,,spoeK2hu-kP2D-TZiE-gCr9-1umh7mFuIR6t,Temporary title #6,statement,,,,,,
164,iCy3fZCLVN55,GOWEgK5z,,,,,,,,,,,,,,,,,,,,,,,,,,,,,,,,,5tWSwWnZ-MLZx-K13P-0o9V-ruQ3F6otv3VF,Temporary title #95,picture_choice,,,,,,
165,Nc1d3QzLg4yE,FLykESrn,,,,,,,,,,,,,,,,,,,,,,,,,,,,,,,,,KKT0FMxd-giFG-HLG8-t8OL-55TZL9wx9kQX,Temporary title #157,dropdown,,,,,,
166,6FiAVkusnAoV,OOmKB6Y5,,,,,,,,,,,,,,,,,,,,,,,,,,,,,,,,,VEQ4ecJG-0KuW-yYZo-7p0w-rm6NF4BW6xhs,Temporary title #137,statement,,,,,,
167,AmTLD5qs56tf,qzCOvwUr,,,,,,,,,,,,,,,,,,,,,,,,,,,,,,,,,S7bXY18t-QrPZ-6ld3-PNca-l3uTdNgzgwIw,Temporary title #63,statement,,,,,,
168,aWCLUHmfOOMA,xJy9dMdk,,,,,,,,,,,,,,,,,,,,,,,,,,,,,,,,,tVeoIKpq-e3fl-qDtW-vcT3-Xqmh51fc5Zme,Temporary title #76,email,,,,,,
169,y7XERrgECmNb,eXBZf0dw,,,,,,,,,,,,,,,,,,,,,,,,,,,,,,,,,79E0xor6-XUgz-tnkp-5sD6-TYdfbCSRTGax,Temporary title #95,yes_no,,,,,,
170,XNpCTAac5pJU,BCQVJnrM,,,,,,,,,,,,,,,,,,,,,,,,,,,,,,,,,5tWSwWnZ-MLZx-K13P-0o9V-ruQ3F6otv3VF,Temporary title #21,THANKYOU_SCREEN,,,,,,
171,MqiYZKKM9bMS,1u3dQSLd,,,,,,,,,,,,,,,,,,,,,,,,,,,,,,,,,pPolsWNO-kVqi-cUkw-mcga-B1wEVnbMUjAX,Temporary title #75,opinion_scale,,,,,,
172,CKU9A8wCRfRu,czMWBewW,,,,,,,,,,,,,,,,,,,,,,,,,,,,,,,,,msjpuMkc-Q6Ux-QAyy-niC7-hoVDOgwCkRsU,Temporary title #14,opinion_scale,,,,,,
173,qWQcHUgrTR6u,5pyNILMA,,,,,,,,,,,,,,,,,,,,,,,,,,,,,,,,,WS33TPdp-uVBm-XsQX-rkLx-skpH6DQjNu9A,Temporary title #89,multiple_choice,,,,,,
174,Ez0UZqhxGevr,OOmKB6Y5,,,,,,,,,,,,,,,,,,,,,,,,,,,,,,,,,1QT9uDfu-5aX9-c8cc-2YYS-uXIV6zuTRxYh,Temporary title #118,phone_number,,,,,,
175,gJtKRMvs66XL,D3VWS0HU,,,,,,,,,,,,,,,,,,,,,,,,,,,,,,,,,LONZHYTy-2lvW-ikEo-J4TV-SjEjuzFebf2h,Temporary title #76,group,,,,,,
176,jKRR8PI35y1v,B4GjTdOd,,,,,,,,,,,,,,,,,,,,,,,,,,,,,,,,,CXr5yYXh-1yIi-JW0m-26jE-gxPBlLziJ43P,Temporary title #95,number,,,,,,
177,3fEyjIrMoKBQ,4Szgz90h,,,,,,,,,,,,,,,,,,,,,,,,,,,,,,,,,KKT0FMxd-giFG-HLG8-t8OL-55TZL9wx9kQX,Temporary title #91,date,,,,,,
178,e4TW5kFAZVl7,eXBZf0dw,,,,,,,,,,,,,,,,,,,,,,,,,,,,,,,,,6VhyE1CO-vZ3B-WPk1-zOq9-hazxeB0lyOjQ,Temporary title #28,phone_number,,,,,,
179,P9acfMEMQZ1y,GOWEgK5z,,,,,,,,,,,,,,,,,,,,,,,,,,,,,,,,,PSFh6pVD-ITA4-YvbA-wjpW-WKPAo8saqE8W,Temporary title #10,number,,,,,,
180,5LJrn24WWduO,pgBUOtUs,,,,,,,,,,,,,,,,,,,,,,,,,,,,,,,,,WwQkwjVP-ljpw-alxd-n7mB-nWYYxICStbCj,Temporary title #139,short_text,,,,,,
181,tLX3QVpbFSiW,sDSsGFG6,,,,,,,,,,,,,,,,,,,,,,,,,,,,,,,,,OPWMjB3V-HQeq-lbVv-vS8x-iGQBwB8NzmuH,Temporary title #139,yes_no,,,,,,
182,g4dMsXZbpJ08,wkbU6IGZ,,,,,,,,,,,,,,,,,,,,,,,,,,,,,,,,,O0RhJ4rA-BIAJ-iyC9-cEEF-l3M40ql2J60p,Temporary title #79,short_text,,,,,,
183,r7zMZNhiCxHf,vPH6HjVp,,,,,,,,,,,,,,,,,,,,,,,,,,,,,,,,,spoeK2hu-kP2D-TZiE-gCr9-1umh7mFuIR6t,Temporary title #158,THANKYOU_SCREEN,,,,,,
184,oFuw9T03PWg0,wfzCK4wd,,,,,,,,,,,,,,,,,,,,,,,,,,,,,,,,,RAFgOIXz-Q0S8-iP5l-ijQi-DAOBezEg1GtO,Temporary title #27,short_text,,,,,,
185,S9138aBbpZgt,qzCOvwUr,,,,,,,,,,,,,,,,,,,,,,,,,,,,,,,,,WsFFWrct-t4ve-WJF8-qiWm-aWHIEi5lCewN,Temporary title #75,date,,,,,,
186,psWTkDjkB2P7,OkXkhMY3,,,,,,,,,,,,,,,,,,,,,,,,,,,,,,,,,oXTq7W5L-IeNh-UFmP-uKa1-SMM1I9WKFOtD,Temporary title #60,email,,,,,,
187,g6yu0ynyevkA,2Dl5Ojbz,,,,,,,,,,,,,,,,,,,,,,,,,,,,,,,,,SpSPAD6v-YoiC-7QUw-avNo-aWzxHyCv0btA,Temporary title #24,multiple_choice,,,,,,
188,7cjxFQ4BSNUN,gBPjc73l,,,,,,,,,,,,,,,,,,,,,,,,,,,,,,,,,YXgGdHso-mJHZ-wIVh-NszL-0xVES1a43eMd,Temporary title #47,email,,,,,,
189,JASMOtYX20Wm,czMWBewW,,,,,,,,,,,,,,,,,,,,,,,,,,,,,,,,,WwQkwjVP-ljpw-alxd-n7mB-nWYYxICStbCj,Temporary title #45,WELCOME_SCREEN,,,,,,
190,ixp8t5jbTA7S,NA3y3ZPm,,,,,,,,,,,,,,,,,,,,,,,,,,,,,,,,,uaMOznQ3-m0uP-5mXT-eDxx-HBF0QaVwBiYH,Temporary title #47,number,,,,,,
191,plryrUjQf0xu,B4GjTdOd,,,,,,,,,,,,,,,,,,,,,,,,,,,,,,,,,0eviAiI5-jdJk-NE2Y-0zR2-DlRjWV0fwpbw,Temporary title #34,email,,,,,,
192,HxTZX521xuDo,OOmKB6Y5,,,,,,,,,,,,,,,,,,,,,,,,,,,,,,,,,Zxm4163y-iJRV-xaWP-Gohf-vZBRQiekC3Vl,Temporary title #128,yes_no,,,,,,
193,RzKcLUBIkOfo,j73CTENC,,,,,,,,,,,,,,,,,,,,,,,,,,,,,,,,,7A83FN9N-LCgF-frxY-benY-PmFujtOTaOju,Temporary title #92,multiple_choice,,,,,,
194,npFJinJ9Adrv,MjCQ5S00,,,,,,,,,,,,,,,,,,,,,,,,,,,,,,,,,9D1EKN7K-EDnb-23Ys-00HD-vkg7plfwdsdl,Temporary title #0,long_text,,,,,,
195,UmUA1vk41v93,FLykESrn,,,,,,,,,,,,,,,,,,,,,,,,,,,,,,,,,7A83FN9N-LCgF-frxY-benY-PmFujtOTaOju,Temporary title #116,date,,,,,,
196,O9Bxj2ebIV0C,UdwuOEYk,,,,,,,,,,,,,,,,,,,,,,,,,,,,,,,,,AXcUw2eU-vBHP-Aemh-c1Iw-WMViSSqnYul7,Temporary title #156,yes_no,,,,,,
197,dYD1TmvaQXRY,Lbzmv24K,,,,,,,,,,,,,,,,,,,,,,,,,,,,,,,,,UIHsGZjj-XV70-6Gfc-j8G6-sJSD8d897Zux,Temporary title #96,dropdown,,,,,,
198,BV2qVklKWzUg,yeaQBVQl,,,,,,,,,,,,,,,,,,,,,,,,,,,,,,,,,tVeoIKpq-e3fl-qDtW-vcT3-Xqmh51fc5Zme,Temporary title #129,picture_choice,,,,,,
199,t7SvXH3jjXyo,M2U1tbLu,,,,,,,,,,,,,,,,,,,,,,,,,,,,,,,,,rZLrramf-Vwuw-A7xR-i4oZ-ayPhufKBaaYK,Temporary title #5,date,,,,,,
200,6nNhKty9zsGQ,5pyNILMA,,,,,,,,,,,,,,,,,,,,,,,,,,,,,,,,,t7wotSzt-IKx5-bD0d-PVfk-ynhLrMjzUuRb,Temporary title #104,short_text,,,,,,
201,Os7wrzDRV8oP,xJy9dMdk,,,,,,,,,,,,,,,,,,,,,,,,,,,,,,,,,uRSfIDr7-BRL0-bu13-IqOJ-nHGf4fDO6mtt,Temporary title #74,number,,,,,,
202,jkuEuakP6gLr,iD3BXG7C,,,,,,,,,,,,,,,,,,,,,,,,,,,,,,,,,vvUilddO-09f1-lIxp-PPPp-TtQpwhNQ4hqV,Temporary title #128,statement,,,,,,
203,eSAnLVrOsa9Y,0skQEjxM,,,,,,,,,,,,,,,,,,,,,,,,,,,,,,,,,0bDIziS7-MMzH-EIlT-P92y-O4QLfDT2OGUl,Temporary title #23,statement,,,,,,
204,8woGUbK4QOCf,OkXkhMY3,,,,,,,,,,,,,,,,,,,,,,,,,,,,,,,,,GZJohqgd-SBl4-AfBw-Y0mf-SG2sVf9RpP40,Temporary title #113,multiple_choice,,,,,,
205,05c6QzMkFRm5,OkXkhMY3,,,,,,,,,,,,,,,,,,,,,,,,,,,,,,,,,FCTJsSof-qgGo-Ewxo-WDqB-e8xHb9OL4GAJ,Temporary title #37,date,,,,,,
206,MXEPZBKGJuzr,eXBZf0dw,,,,,,,,,,,,,,,,,,,,,,,,,,,,,,,,,CXr5yYXh-1yIi-JW0m-26jE-gxPBlLziJ43P,Temporary title #20,multiple_choice,,,,,,
207,dmcODLrCvsOf,xHQThEtD,,,,,,,,,,,,,,,,,,,,,,,,,,,,,,,,,QibWqZlz-79fW-ydR0-Rz6e-7NyJRB1DhDqe,Temporary title #79,long_text,,,,,,
208,1OwURogs2a1Q,ZaKqO7WH,,,,,,,,,,,,,,,,,,,,,,,,,,,,,,,,,viHRTj28-S01w-gFZc-RFOY-qvLWFDGLaHpA,Temporary title #147,WELCOME_SCREEN,,,,,,
209,HPQOtKpNDdmw,3JWbiahb,,,,,,,,,,,,,,,,,,,,,,,,,,,,,,,,,p6SWtWPl-7zig-etR8-Gf8r-A7oy7Q1oAti8,Temporary title #110,group,,,,,,
210,qUJnpYACE9v3,xHQThEtD,,,,,,,,,,,,,,,,,,,,,,,,,,,,,,,,,e4RHfxZl-xzrT-BoBp-TP0a-tPiVxrbOiaUZ,Temporary title #24,file_upload,,,,,,
211,xdOjZE9sQpov,OKx1lt82,,,,,,,,,,,,,,,,,,,,,,,,,,,,,,,,,8ZV3Nu1x-r5Ia-q1cO-d5EB-GBWnrZIVy5ot,Temporary title #35,THANKYOU_SCREEN,,,,,,
212,mSRPaPqrwyWS,sDSsGFG6,,,,,,,,,,,,,,,,,,,,,,,,,,,,,,,,,bbym5gFV-RUeU-r8cM-xPm0-FaHN7BWVQRlu,Temporary title #100,multiple_choice,,,,,,
213,7UpOVFCu40jK,xHQThEtD,,,,,,,,,,,,,,,,,,,,,,,,,,,,,,,,,VyalLNoh-YjDS-YGAv-dPRa-6WRWjGhQm5Sv,Temporary title #127,picture_choice,,,,,,
214,U80tN709hbFS,eXBZf0dw,,,,,,,,,,,,,,,,,,,,,,,,,,,,,,,,,5tWSwWnZ-MLZx-K13P-0o9V-ruQ3F6otv3VF,Temporary title #3,phone_number,,,,,,
215,Zbqh40P3VueJ,xHQThEtD,,,,,,,,,,,,,,,,,,,,,,,,,,,,,,,,,Zoo4npmj-dgw3-Ogi5-pKnP-wy9XVeWSEECG,Temporary title #5,THANKYOU_SCREEN,,,,,,
216,BN0m3zNBcyDY,sDSsGFG6,,,,,,,,,,,,,,,,,,,,,,,,,,,,,,,,,RaNccP6l-DIpg-FtHV-ytrn-FL0jLKfVfxnH,Temporary title #82,file_upload,,,,,,
217,v0s1lbVfBgFt,Lnswe4mN,,,,,,,,,,,,,,,,,,,,,,,,,,,,,,,,,3NOJt0j8-FlhS-4wrK-aQjp-OWs0pJhjAkRQ,Temporary title #70,number,,,,,,
218,nwtE9XZbGfur,AmKKC6Z3,,,,,,,,,,,,,,,,,,,,,,,,,,,,,,,,,RaNccP6l-DIpg-FtHV-ytrn-FL0jLKfVfxnH,Temporary title #30,file_upload,,,,,,
219,Uki3fjxwTphD,yeaQBVQl,,,,,,,,,,,,,,,,,,,,,,,,,,,,,,,,,p6SWtWPl-7zig-etR8-Gf8r-A7oy7Q1oAti8,Temporary title #87,multiple_choice,,,,,,
220,C8msYp4ufUod,BCQVJnrM,,,,,,,,,,,,,,,,,,,,,,,,,,,,,,,,,YpIs8fnJ-0kqD-icER-y5kh-fsEZ864hPRxN,Temporary title #72,email,,,,,,
221,sJm9yvOjrhYU,pgBUOtUs,,,,,,,,,,,,,,,,,,,,,,,,,,,,,,,,,yH2oYSOT-Vvav-aqWL-WTAE-fyGLoNZq9Q5a,Temporary title #53,phone_number,,,,,,
222,7sQ8Wnna4i6g,gBPjc73l,,,,,,,,,,,,,,,,,,,,,,,,,,,,,,,,,uaMOznQ3-m0uP-5mXT-eDxx-HBF0QaVwBiYH,Temporary title #104,opinion_scale,,,,,,
223,0qt0EOBvBeJl,czMWBewW,,,,,,,,,,,,,,,,,,,,,,,,,,,,,,,,,qq9IQXUM-kMpL-IqKo-y7wX-ZU7u7QjDF3xw,Temporary title #157,THANKYOU_SCREEN,,,,,,
224,DrwuEhsbXP97,OKx1lt82,,,,,,,,,,,,,,,,,,,,,,,,,,,,,,,,,RAFgOIXz-Q0S8-iP5l-ijQi-DAOBezEg1GtO,Temporary title #154,multiple_choice,,,,,,
225,6Yz1bIDe5CIu,mH7ZKWX9,,,,,,,,,,,,,,,,,,,,,,,,,,,,,,,,,K5tvCGsu-sLTX-KByg-tBgW-HUCTYqcZnOQz,Temporary title #148,multiple_choice,,,,,,
226,mQ06GAsoJyDl,B4GjTdOd,,,,,,,,,,,,,,,,,,,,,,,,,,,,,,,,,K5tvCGsu-sLTX-KByg-tBgW-HUCTYqcZnOQz,Temporary title #1,multiple_choice,,,,,,
227,Xwbkpl7eRARP,eXBZf0dw,,,,,,,,,,,,,,,,,,,,,,,,,,,,,,,,,56mSsjbo-0HUU-gscV-bqFL-nGC2el8NSJj5,Temporary title #91,group,,,,,,
228,SK2SI48ULvZe,XlvGQEjc,,,,,,,,,,,,,,,,,,,,,,,,,,,,,,,,,6QtBE2wx-ficw-TKu2-8bkm-79A7AwSV27P6,Temporary title #151,opinion_scale,,,,,,
229,ImKQkLmXoGc8,Yk9MAUKe,,,,,,,,,,,,,,,,,,,,,,,,,,,,,,,,,ghAsd2sh-Bw8b-PZ5v-MIla-5IXNtjiKAP6N,Temporary title #35,email,,,,,,
230,G4R8Yauij8lM,gBPjc73l,,,,,,,,,,,,,,,,,,,,,,,,,,,,,,,,,gMhu9nL9-Z9GP-AyBl-sojC-CR2s6TGR3MYU,Temporary title #117,THANKYOU_SCREEN,,,,,,
231,pvCt8k0jMffM,mH7ZKWX9,,,,,,,,,,,,,,,,,,,,,,,,,,,,,,,,,ZwRCtaj1-0HmX-ErY4-ZeKM-YUQStR7uPZmh,Temporary title #97,file_upload,,,,,,
232,JoHaKy03QTTX,qxDBWmOV,,,,,,,,,,,,,,,,,,,,,,,,,,,,,,,,,O0RhJ4rA-BIAJ-iyC9-cEEF-l3M40ql2J60p,Temporary title #53,file_upload,,,,,,
233,2TDsXbxYNJN1,MjCQ5S00,,,,,,,,,,,,,,,,,,,,,,,,,,,,,,,,,fHs6sDn8-kGQp-f29m-1T9q-Od8Y2EYQp9Fj,Temporary title #132,opinion_scale,,,,,,
234,uk00vgWBODU1,sDSsGFG6,,,,,,,,,,,,,,,,,,,,,,,,,,,,,,,,,RAFgOIXz-Q0S8-iP5l-ijQi-DAOBezEg1GtO,Temporary title #80,file_upload,,,,,,
235,zEyEVlhpU7Vc,yLDDvlcz,,,,,,,,,,,,,,,,,,,,,,,,,,,,,,,,,QibWqZlz-79fW-ydR0-Rz6e-7NyJRB1DhDqe,Temporary title #85,short_text,,,,,,
236,qluyICi7n2HC,iD3BXG7C,,,,,,,,,,,,,,,,,,,,,,,,,,,,,,,,,8FXTEpIY-vN4F-Y0Tb-KAJx-LrAGdSs3uvko,Temporary title #117,multiple_choice,,,,,,
237,er9xQObzC1ks,vPH6HjVp,,,,,,,,,,,,,,,,,,,,,,,,,,,,,,,,,0eviAiI5-jdJk-NE2Y-0zR2-DlRjWV0fwpbw,Temporary title #18,long_text,,,,,,
238,vnF2AugvMPOF,mFkkzZW9,,,,,,,,,,,,,,,,,,,,,,,,,,,,,,,,,BMyVVBGp-DRQm-wxFa-zl6C-iUhc2om5OJtk,Temporary title #147,THANKYOU_SCREEN,,,,,,
239,upks8BFpbV6G,j73CTENC,,,,,,,,,,,,,,,,,,,,,,,,,,,,,,,,,MG1cfzQ6-4cbt-wsi2-82Iq-7TSdPoAWNgxQ,Temporary title #0,statement,,,,,,
240,DlRNJNL312u6,yeaQBVQl,,,,,,,,,,,,,,,,,,,,,,,,,,,,,,,,,UhsT5MLw-zMK2-9dJ9-vqXS-KIbZhlzs5zCS,Temporary title #113,email,,,,,,
241,OzAIMj6fCjmu,sB22pTs4,,,,,,,,,,,,,,,,,,,,,,,,,,,,,,,,,5tWSwWnZ-MLZx-K13P-0o9V-ruQ3F6otv3VF,Temporary title #68,WELCOME_SCREEN,,,,,,
242,PvGX4BAUEaRI,M2U1tbLu,,,,,,,,,,,,,,,,,,,,,,,,,,,,,,,,,UhsT5MLw-zMK2-9dJ9-vqXS-KIbZhlzs5zCS,Temporary title #70,short_text,,,,,,
243,Z01riJD1ZUc0,SIUxZUz6,,,,,,,,,,,,,,,,,,,,,,,,,,,,,,,,,dUWNvcRo-QtRD-GfXx-wqac-pAntllUlhrSD,Temporary title #70,THANKYOU_SCREEN,,,,,,
244,3GJO3hFfTH2c,yeaQBVQl,,,,,,,,,,,,,,,,,,,,,,,,,,,,,,,,,7A83FN9N-LCgF-frxY-benY-PmFujtOTaOju,Temporary title #65,multiple_choice,,,,,,
245,BpR5td4yuZ2w,FLykESrn,,,,,,,,,,,,,,,,,,,,,,,,,,,,,,,,,JCAnUJ0S-B1G1-HaHj-lk3d-QOtpse2GRsNR,Temporary title #23,opinion_scale,,,,,,
246,f3bdx419ccRw,sDSsGFG6,,,,,,,,,,,,,,,,,,,,,,,,,,,,,,,,,VyalLNoh-YjDS-YGAv-dPRa-6WRWjGhQm5Sv,Temporary title #140,file_upload,,,,,,
247,yv3tCYiD4mWL,pgBUOtUs,,,,,,,,,,,,,,,,,,,,,,,,,,,,,,,,,DaUE4rj8-iaWt-lDBa-AkPg-RgSxm8lSDNtP,Temporary title #108,group,,,,,,
248,XxtuOTihTiWy,B4GjTdOd,,,,,,,,,,,,,,,,,,,,,,,,,,,,,,,,,qq9IQXUM-kMpL-IqKo-y7wX-ZU7u7QjDF3xw,Temporary title #14,group,,,,,,
249,Uo0cgHdonQPU,wfzCK4wd,,,,,,,,,,,,,,,,,,,,,,,,,,,,,,,,,1QT9uDfu-5aX9-c8cc-2YYS-uXIV6zuTRxYh,Temporary title #77,group,,,,,,
250,w8hnmOED19wm,sDSsGFG6,,,,,,,,,,,,,,,,,,,,,,,,,,,,,,,,,KKT0FMxd-giFG-HLG8-t8OL-55TZL9wx9kQX,Temporary title #55,WELCOME_SCREEN,,,,,,
251,DKuTT4VMCzZe,XlvGQEjc,,,,,,,,,,,,,,,,,,,,,,,,,,,,,,,,,jsecJkku-m8EX-BEzq-GnKK-NueqLbtvleQy,Temporary title #52,group,,,,,,
252,Dvlzurc9MNKJ,1dRXXlhS,,,,,,,,,,,,,,,,,,,,,,,,,,,,,,,,,JCAnUJ0S-B1G1-HaHj-lk3d-QOtpse2GRsNR,Temporary title #104,date,,,,,,
253,rJ5Z2DOL45k3,yeaQBVQl,,,,,,,,,,,,,,,,,,,,,,,,,,,,,,,,,dOKQzxtQ-3BW6-n8l2-ZSwg-OlY1H25weXPo,Temporary title #71,short_text,,,,,,
254,uK6XVJZAWReC,SIUxZUz6,,,,,,,,,,,,,,,,,,,,,,,,,,,,,,,,,ugl1wf4O-VdCT-E0dy-BMZZ-3AzeemWIZ712,Temporary title #152,WELCOME_SCREEN,,,,,,
255,3qHpgvY860w7,eXBZf0dw,,,,,,,,,,,,,,,,,,,,,,,,,,,,,,,,,LAuKBKPF-WB5v-q3vC-xPuh-byYBt3fVGvxg,Temporary title #48,multiple_choice,,,,,,
256,XMA15TNlFZ95,Lnswe4mN,,,,,,,,,,,,,,,,,,,,,,,,,,,,,,,,,K5tvCGsu-sLTX-KByg-tBgW-HUCTYqcZnOQz,Temporary title #57,statement,,,,,,
257,TonHOgKXD0iG,Lbzmv24K,,,,,,,,,,,,,,,,,,,,,,,,,,,,,,,,,HugU3lBb-xOag-jZnr-THdK-UJZvsA8Mdn8n,Temporary title #155,email,,,,,,
258,i5FYe03m6NFP,AmKKC6Z3,,,,,,,,,,,,,,,,,,,,,,,,,,,,,,,,,9PZ5RmUg-oKIy-ZM4f-nawE-ojEMv6LORe0f,Temporary title #46,statement,,,,,,
259,pPtuM1EnSRid,cKx37zuM,,,,,,,,,,,,,,,,,,,,,,,,,,,,,,,,,ABw2IwU6-kM1V-gvEC-Dpoc-AQt53RhN44Ts,Temporary title #129,WELCOME_SCREEN,,,,,,
260,gkD4EAW9I5Vr,vPH6HjVp,,,,,,,,,,,,,,,,,,,,,,,,,,,,,,,,,KKT0FMxd-giFG-HLG8-t8OL-55TZL9wx9kQX,Temporary title #138,picture_choice,,,,,,
261,u1m0voIVTqrr,UdwuOEYk,,,,,,,,,,,,,,,,,,,,,,,,,,,,,,,,,9PZ5RmUg-oKIy-ZM4f-nawE-ojEMv6LORe0f,Temporary title #13,file_upload,,,,,,
262,owVxnvVMvLKH,Lbzmv24K,,,,,,,,,,,,,,,,,,,,,,,,,,,,,,,,,yH2oYSOT-Vvav-aqWL-WTAE-fyGLoNZq9Q5a,Temporary title #85,group,,,,,,
263,DxNm148GmSM2,B4GjTdOd,,,,,,,,,,,,,,,,,,,,,,,,,,,,,,,,,WS33TPdp-uVBm-XsQX-rkLx-skpH6DQjNu9A,Temporary title #124,opinion_scale,,,,,,
264,zm3lT1g1hthh,wkbU6IGZ,,,,,,,,,,,,,,,,,,,,,,,,,,,,,,,,,9q4ZU3FX-yR1j-e3VT-buDp-VugwqE6bX2G2,Temporary title #16,email,,,,,,
265,VQ4ao7XTrDdl,1u3dQSLd,,,,,,,,,,,,,,,,,,,,,,,,,,,,,,,,,EE9HKVoC-Rz5o-53od-QeDs-D1VBbhJJyc0m,Temporary title #136,date,,,,,,
266,Nvt0YGsaw5Fb,0v9JGDym,,,,,,,,,,,,,,,,,,,,,,,,,,,,,,,,,VyalLNoh-YjDS-YGAv-dPRa-6WRWjGhQm5Sv,Temporary title #116,yes_no,,,,,,
267,30FSy3cBc573,FLykESrn,,,,,,,,,,,,,,,,,,,,,,,,,,,,,,,,,M1SFWyMM-bSuy-z84X-x5Sp-0JMDPaFlVNqX,Temporary title #120,date,,,,,,
268,2LcnrRywyZMi,czMWBewW,,,,,,,,,,,,,,,,,,,,,,,,,,,,,,,,,WYCNpjbe-vctq-AdD7-qssZ-arQ6DE0AcoAa,Temporary title #72,phone_number,,,,,,
269,eCe23TFzpWoz,GOWEgK5z,,,,,,,,,,,,,,,,,,,,,,,,,,,,,,,,,T9tQIpXN-hQVC-P92W-A6QF-zSvY4Doqu98B,Temporary title #83,statement,,,,,,
270,B6ws0Wf4Oegl,0skQEjxM,,,,,,,,,,,,,,,,,,,,,,,,,,,,,,,,,6VhyE1CO-vZ3B-WPk1-zOq9-hazxeB0lyOjQ,Temporary title #61,file_upload,,,,,,
271,jxIhbrQI9MAH,UCMlw0B0,,,,,,,,,,,,,,,,,,,,,,,,,,,,,,,,,47oJLrAC-0UKB-Mlix-1CAB-pQo3AjnJKZaH,Temporary title #149,group,,,,,,
272,BiKfhYtcPAx6,pgBUOtUs,,,,,,,,,,,,,,,,,,,,,,,,,,,,,,,,,JCAnUJ0S-B1G1-HaHj-lk3d-QOtpse2GRsNR,Temporary title #136,statement,,,,,,
273,Kj7Anyba9fcH,MjCQ5S00,,,,,,,,,,,,,,,,,,,,,,,,,,,,,,,,,jsecJkku-m8EX-BEzq-GnKK-NueqLbtvleQy,Temporary title #89,WELCOME_SCREEN,,,,,,
274,cpEtgTo82EAw,M2U1tbLu,,,,,,,,,,,,,,,,,,,,,,,,,,,,,,,,,WYCNpjbe-vctq-AdD7-qssZ-arQ6DE0AcoAa,Temporary title #44,multiple_choice,,,,,,
275,4UvkOvCcaMnP,3JWbiahb,,,,,,,,,,,,,,,,,,,,,,,,,,,,,,,,,6QtBE2wx-ficw-TKu2-8bkm-79A7AwSV27P6,Temporary title #124,group,,,,,,
276,ZquDQxCi9JAV,sDSsGFG6,,,,,,,,,,,,,,,,,,,,,,,,,,,,,,,,,VVpbeo0o-uwLj-h6yU-CEyg-U0ye9Dweho61,Temporary title #135,file_upload,,,,,,
277,uTz41JE1G0Mo,iD3BXG7C,,,,,,,,,,,,,,,,,,,,,,,,,,,,,,,,,xJ6c11kR-LICK-QZ75-WDtH-Z6haggHvM1uB,Temporary title #92,group,,,,,,
278,aVnn3uRbhNdt,MjCQ5S00,,,,,,,,,,,,,,,,,,,,,,,,,,,,,,,,,K5tvCGsu-sLTX-KByg-tBgW-HUCTYqcZnOQz,Temporary title #155,group,,,,,,
279,pyT6LNDY4dpk,yeaQBVQl,,,,,,,,,,,,,,,,,,,,,,,,,,,,,,,,,aIPbGjgL-Yf9L-V5zO-oC20-w2iGb0c98vhr,Temporary title #127,phone_number,,,,,,
280,re3XXxtSjLQw,HNEMpIsa,,,,,,,,,,,,,,,,,,,,,,,,,,,,,,,,,K5tvCGsu-sLTX-KByg-tBgW-HUCTYqcZnOQz,Temporary title #130,short_text,,,,,,
281,w3mtjwgOr2VF,OkXkhMY3,,,,,,,,,,,,,,,,,,,,,,,,,,,,,,,,,LAuKBKPF-WB5v-q3vC-xPuh-byYBt3fVGvxg,Temporary title #96,yes_no,,,,,,
282,gI8sotapmZiG,gBPjc73l,,,,,,,,,,,,,,,,,,,,,,,,,,,,,,,,,0760lKRq-vISF-QAgD-RIiT-7Nk3Rl5HcikR,Temporary title #78,email,,,,,,
283,DoPEW5pbRnOa,sDSsGFG6,,,,,,,,,,,,,,,,,,,,,,,,,,,,,,,,,1QT9uDfu-5aX9-c8cc-2YYS-uXIV6zuTRxYh,Temporary title #84,number,,,,,,
284,HW0F2dTdmCDW,FLykESrn,,,,,,,,,,,,,,,,,,,,,,,,,,,,,,,,,79E0xor6-XUgz-tnkp-5sD6-TYdfbCSRTGax,Temporary title #37,email,,,,,,
285,s4fDuSMskOHm,z6YmwlfL,,,,,,,,,,,,,,,,,,,,,,,,,,,,,,,,,zSJsmiw2-zwSo-1k3T-IfuF-tl1Ukt7kyeEN,Temporary title #77,picture_choice,,,,,,
286,xbQyPw2dYukR,0v9JGDym,,,,,,,,,,,,,,,,,,,,,,,,,,,,,,,,,1KnXjSY8-7UmQ-PErO-gr2H-cFt7ll7wpCkX,Temporary title #47,opinion_scale,,,,,,
287,bQlKSzESIFbr,wfzCK4wd,,,,,,,,,,,,,,,,,,,,,,,,,,,,,,,,,EE9HKVoC-Rz5o-53od-QeDs-D1VBbhJJyc0m,Temporary title #80,file_upload,,,,,,
288,L1yoKa5f6Bv9,Yk9MAUKe,,,,,,,,,,,,,,,,,,,,,,,,,,,,,,,,,rZLrramf-Vwuw-A7xR-i4oZ-ayPhufKBaaYK,Temporary title #137,WELCOME_SCREEN,,,,,,
289,nmRQiT1xYjjp,fcM6JX9g,,,,,,,,,,,,,,,,,,,,,,,,,,,,,,,,,ao0C6GYp-Ozt0-4YWw-Flzi-Np3XTd8hvKdB,Temporary title #113,opinion_scale,,,,,,
290,zMCf1xL8ONvu,MjCQ5S00,,,,,,,,,,,,,,,,,,,,,,,,,,,,,,,,,viHRTj28-S01w-gFZc-RFOY-qvLWFDGLaHpA,Temporary title #0,picture_choice,,,,,,
291,w4zELDFYnV0D,M2U1tbLu,,,,,,,,,,,,,,,,,,,,,,,,,,,,,,,,,crQ6Nf4X-Lsyr-QWaf-pg8h-BbxxZ7UWrAIF,Temporary title #1,WELCOME_SCREEN,,,,,,
292,CDCYffmtNtLz,SIUxZUz6,,,,,,,,,,,,,,,,,,,,,,,,,,,,,,,,,rfrh23eL-vkQB-jrTA-FDM7-StWDqsEDDxeA,Temporary title #133,email,,,,,,
293,EHhnwBAXyO4J,yLDDvlcz,,,,,,,,,,,,,,,,,,,,,,,,,,,,,,,,,LAuKBKPF-WB5v-q3vC-xPuh-byYBt3fVGvxg,Temporary title #3,number,,,,,,
294,f5eeMCsfZaDP,5pyNILMA,,,,,,,,,,,,,,,,,,,,,,,,,,,,,,,,,TNCJ2DqA-XMgC-H3Hc-MLFU-hS7eWh0bKj8q,Temporary title #38,picture_choice,,,,,,
295,tUbAECMuvLpn,UdwuOEYk,,,,,,,,,,,,,,,,,,,,,,,,,,,,,,,,,2dlX0xxt-kTv7-ezXU-GhfX-nVDrF7miQRzq,Temporary title #2,number,,,,,,
296,WJGr77CgOBxm,cKx37zuM,,,,,,,,,,,,,,,,,,,,,,,,,,,,,,,,,uqN7aiHX-Wk4P-7IIi-lLGA-F9CNukBaoWzY,Temporary title #6,opinion_scale,,,,,,
297,T2y65IaaGjM2,1u3dQSLd,,,,,,,,,,,,,,,,,,,,,,,,,,,,,,,,,JTkG5Btv-H7ur-Orq6-m442-iZqOpdTeIMEs,Temporary title #3,statement,,,,,,
298,O42W16hLsrsu,fcM6JX9g,,,,,,,,,,,,,,,,,,,,,,,,,,,,,,,,,uRSfIDr7-BRL0-bu13-IqOJ-nHGf4fDO6mtt,Temporary title #10,WELCOME_SCREEN,,,,,,
299,iCOkzuKgkU4Z,K1OEbZh9,,,,,,,,,,,,,,,,,,,,,,,,,,,,,,,,,jsecJkku-m8EX-BEzq-GnKK-NueqLbtvleQy,Temporary title #6,file_upload,,,,,,
300,8vA8oT5JR0YR,eiqqlfDa,,,,,,,,,,,,,,,,,,,,,,,,,,,,,,,,,47oJLrAC-0UKB-Mlix-1CAB-pQo3AjnJKZaH,Temporary title #0,THANKYOU_SCREEN,,,,,,
301,FtVv47VrH21L,XlvGQEjc,,,,,,,,,,,,,,,,,,,,,,,,,,,,,,,,,AXcUw2eU-vBHP-Aemh-c1Iw-WMViSSqnYul7,Temporary title #89,dropdown,,,,,,
302,ommwL0jepTxi,XlvGQEjc,,,,,,,,,,,,,,,,,,,,,,,,,,,,,,,,,TNCJ2DqA-XMgC-H3Hc-MLFU-hS7eWh0bKj8q,Temporary title #44,number,,,,,,
303,Ssz0TL3YxIXJ,yeaQBVQl,,,,,,,,,,,,,,,,,,,,,,,,,,,,,,,,,dCQSMUM9-4N4J-jxTn-4RKB-csH3sHwbuiI6,Temporary title #146,group,,,,,,
304,bEH0yUTtpjDr,qzCOvwUr,,,,,,,,,,,,,,,,,,,,,,,,,,,,,,,,,PkzmvjK4-gnPF-l22c-8jkP-f6yWVDZB8Gr1,Temporary title #149,date,,,,,,
305,jHnBvKEsOyik,M2U1tbLu,,,,,,,,,,,,,,,,,,,,,,,,,,,,,,,,,L0RHcghA-SEim-pHVO-A5yG-7hX3E7fTAG6M,Temporary title #35,WELCOME_SCREEN,,,,,,
306,7pUYnoAiYCxw,Lnswe4mN,,,,,,,,,,,,,,,,,,,,,,,,,,,,,,,,,VVpbeo0o-uwLj-h6yU-CEyg-U0ye9Dweho61,Temporary title #38,group,,,,,,
307,Y39lVwxopvKX,eXBZf0dw,,,,,,,,,,,,,,,,,,,,,,,,,,,,,,,,,1KnXjSY8-7UmQ-PErO-gr2H-cFt7ll7wpCkX,Temporary title #144,statement,,,,,,
308,MN0jeg5Gdz4c,OOmKB6Y5,,,,,,,,,,,,,,,,,,,,,,,,,,,,,,,,,cnIIjpV8-Im9V-oB0s-7lAC-MtSyYy5TSnUT,Temporary title #108,group,,,,,,
309,WjuaeM7mE0ox,mH7ZKWX9,,,,,,,,,,,,,,,,,,,,,,,,,,,,,,,,,BMyVVBGp-DRQm-wxFa-zl6C-iUhc2om5OJtk,Temporary title #74,multiple_choice,,,,,,
310,q58zuHDSvXfV,wfzCK4wd,,,,,,,,,,,,,,,,,,,,,,,,,,,,,,,,,HugU3lBb-xOag-jZnr-THdK-UJZvsA8Mdn8n,Temporary title #18,THANKYOU_SCREEN,,,,,,
311,CPzHpqR5q8qB,AmKKC6Z3,,,,,,,,,,,,,,,,,,,,,,,,,,,,,,,,,gMhu9nL9-Z9GP-AyBl-sojC-CR2s6TGR3MYU,Temporary title #85,yes_no,,,,,,
312,1zK3Ly58CBSB,0skQEjxM,,,,,,,,,,,,,,,,,,,,,,,,,,,,,,,,,dCQSMUM9-4N4J-jxTn-4RKB-csH3sHwbuiI6,Temporary title #146,group,,,,,,
313,tkw2gajQtFW4,bnis90mp,,,,,,,,,,,,,,,,,,,,,,,,,,,,,,,,,ghAsd2sh-Bw8b-PZ5v-MIla-5IXNtjiKAP6N,Temporary title #147,number,,,,,,
314,THDukBh2kTWk,OkXkhMY3,,,,,,,,,,,,,,,,,,,,,,,,,,,,,,,,,ao0C6GYp-Ozt0-4YWw-Flzi-Np3XTd8hvKdB,Temporary title #139,date,,,,,,
315,lLMVHnqJQMZO,eiqqlfDa,,,,,,,,,,,,,,,,,,,,,,,,,,,,,,,,,YpIs8fnJ-0kqD-icER-y5kh-fsEZ864hPRxN,Temporary title #57,multiple_choice,,,,,,
316,TWW0KvmdtexH,pgBUOtUs,,,,,,,,,,,,,,,,,,,,,,,,,,,,,,,,,0H0LMalg-qkWE-tXVp-BbIi-m9AP3KCDCgzz,Temporary title #83,number,,,,,,
317,U5BmYx3rlDKn,MdPnIanj,,,,,,,,,,,,,,,,,,,,,,,,,,,,,,,,,fHs6sDn8-kGQp-f29m-1T9q-Od8Y2EYQp9Fj,Temporary title #80,picture_choice,,,,,,
318,229ij5ifz2bI,HNEMpIsa,,,,,,,,,,,,,,,,,,,,,,,,,,,,,,,,,8ZV3Nu1x-r5Ia-q1cO-d5EB-GBWnrZIVy5ot,Temporary title #131,WELCOME_SCREEN,,,,,,
319,Oc4keY5RFIp3,yeaQBVQl,,,,,,,,,,,,,,,,,,,,,,,,,,,,,,,,,7uXRJifo-QTgJ-vEuY-cQYD-4iGokgh7DbNT,Temporary title #69,yes_no,,,,,,
320,ES8H4iNXqw4c,1u3dQSLd,,,,,,,,,,,,,,,,,,,,,,,,,,,,,,,,,M1SFWyMM-bSuy-z84X-x5Sp-0JMDPaFlVNqX,Temporary title #120,picture_choice,,,,,,
321,buO2irme22ER,NA3y3ZPm,,,,,,,,,,,,,,,,,,,,,,,,,,,,,,,,,6QtBE2wx-ficw-TKu2-8bkm-79A7AwSV27P6,Temporary title #107,short_text,,,,,,
322,yIfaKHuh6Mdj,bnis90mp,,,,,,,,,,,,,,,,,,,,,,,,,,,,,,,,,1KnXjSY8-7UmQ-PErO-gr2H-cFt7ll7wpCkX,Temporary title #29,email,,,,,,
323,AGBXdIjC5PkQ,OkXkhMY3,,,,,,,,,,,,,,,,,,,,,,,,,,,,,,,,,YpIs8fnJ-0kqD-icER-y5kh-fsEZ864hPRxN,Temporary title #3,short_text,,,,,,
324,LiRXf5h8lZ0X,wfzCK4wd,,,,,,,,,,,,,,,,,,,,,,,,,,,,,,,,,BMyVVBGp-DRQm-wxFa-zl6C-iUhc2om5OJtk,Temporary title #105,yes_no,,,,,,
325,v3VHH8JITQDX,fcM6JX9g,,,,,,,,,,,,,,,,,,,,,,,,,,,,,,,,,t7wotSzt-IKx5-bD0d-PVfk-ynhLrMjzUuRb,Temporary title #1,number,,,,,,
326,rznBwJBCGtGC,vPH6HjVp,,,,,,,,,,,,,,,,,,,,,,,,,,,,,,,,,jmxy7GsW-spLb-YMfs-usB8-bu0Adm2W2rgc,Temporary title #106,number,,,,,,
327,hLzlPKnWjnSj,BCQVJnrM,,,,,,,,,,,,,,,,,,,,,,,,,,,,,,,,,pPolsWNO-kVqi-cUkw-mcga-B1wEVnbMUjAX,Temporary title #116,opinion_scale,,,,,,
328,BLJhVKjjG6GJ,czMWBewW,,,,,,,,,,,,,,,,,,,,,,,,,,,,,,,,,M1SFWyMM-bSuy-z84X-x5Sp-0JMDPaFlVNqX,Temporary title #39,picture_choice,,,,,,
329,tkrSgXAI8WY1,AmKKC6Z3,,,,,,,,,,,,,,,,,,,,,,,,,,,,,,,,,ACdfllYl-5pn3-nIHl-scfo-tLGOFwS02d05,Temporary title #82,statement,,,,,,
330,m9kL83PYUxI0,t3S1Aj2b,,,,,,,,,,,,,,,,,,,,,,,,,,,,,,,,,VPj7DT8M-zl66-k2wy-pVko-LKLORwqFts24,Temporary title #136,opinion_scale,,,,,,
331,eh09uVxf9Mkm,sB22pTs4,,,,,,,,,,,,,,,,,,,,,,,,,,,,,,,,,Xfxy1KPP-M0LE-dfzG-X4Ld-G8HJ0GL3RZPc,Temporary title #134,email,,,,,,
332,t5C4SA2X2khc,FLykESrn,,,,,,,,,,,,,,,,,,,,,,,,,,,,,,,,,WsFFWrct-t4ve-WJF8-qiWm-aWHIEi5lCewN,Temporary title #13,opinion_scale,,,,,,
333,3VGfvrl90Nm2,gBPjc73l,,,,,,,,,,,,,,,,,,,,,,,,,,,,,,,,,6VhyE1CO-vZ3B-WPk1-zOq9-hazxeB0lyOjQ,Temporary title #80,statement,,,,,,
334,ofFTpaBEr5Lg,GOWEgK5z,,,,,,,,,,,,,,,,,,,,,,,,,,,,,,,,,jmxy7GsW-spLb-YMfs-usB8-bu0Adm2W2rgc,Temporary title #39,opinion_scale,,,,,,
335,eJQRAq26LuHu,MlpktgJY,,,,,,,,,,,,,,,,,,,,,,,,,,,,,,,,,LONZHYTy-2lvW-ikEo-J4TV-SjEjuzFebf2h,Temporary title #119,number,,,,,,
336,oa80dIrfEAZc,vPH6HjVp,,,,,,,,,,,,,,,,,,,,,,,,,,,,,,,,,9q4ZU3FX-yR1j-e3VT-buDp-VugwqE6bX2G2,Temporary title #159,opinion_scale,,,,,,
337,EcVC77lmbVUs,OOmKB6Y5,,,,,,,,,,,,,,,,,,,,,,,,,,,,,,,,,QibWqZlz-79fW-ydR0-Rz6e-7NyJRB1DhDqe,Temporary title #14,number,,,,,,
338,3sSilLodfqqM,sDSsGFG6,,,,,,,,,,,,,,,,,,,,,,,,,,,,,,,,,9q4ZU3FX-yR1j-e3VT-buDp-VugwqE6bX2G2,Temporary title #57,file_upload,,,,,,
339,dfUdbLmwcovy,gBPjc73l,,,,,,,,,,,,,,,,,,,,,,,,,,,,,,,,,DfhF24Hp-L1vS-4XJl-7mzE-27jj6OtzuAJ4,Temporary title #140,file_upload,,,,,,
340,PkyyO1YsFpfS,NA5dJkdS,,,,,,,,,,,,,,,,,,,,,,,,,,,,,,,,,KKT0FMxd-giFG-HLG8-t8OL-55TZL9wx9kQX,Temporary title #131,file_upload,,,,,,
341,e4gY3AgFQGqg,GOWEgK5z,,,,,,,,,,,,,,,,,,,,,,,,,,,,,,,,,2dlX0xxt-kTv7-ezXU-GhfX-nVDrF7miQRzq,Temporary title #76,dropdown,,,,,,
342,jqO45sBiPidg,eiqqlfDa,,,,,,,,,,,,,,,,,,,,,,,,,,,,,,,,,p6SWtWPl-7zig-etR8-Gf8r-A7oy7Q1oAti8,Temporary title #54,long_text,,,,,,
343,kRVvOpBqdRh4,xJy9dMdk,,,,,,,,,,,,,,,,,,,,,,,,,,,,,,,,,EE9HKVoC-Rz5o-53od-QeDs-D1VBbhJJyc0m,Temporary title #127,multiple_choice,,,,,,
344,2BV9tmTkN2ms,Yk9MAUKe,,,,,,,,,,,,,,,,,,,,,,,,,,,,,,,,,oXTq7W5L-IeNh-UFmP-uKa1-SMM1I9WKFOtD,Temporary title #140,long_text,,,,,,
345,oh8hJdK2eN0B,xJy9dMdk,,,,,,,,,,,,,,,,,,,,,,,,,,,,,,,,,LONZHYTy-2lvW-ikEo-J4TV-SjEjuzFebf2h,Temporary title #93,opinion_scale,,,,,,
346,WSk4LQGiBAGv,GOWEgK5z,,,,,,,,,,,,,,,,,,,,,,,,,,,,,,,,,gMhu9nL9-Z9GP-AyBl-sojC-CR2s6TGR3MYU,Temporary title #0,phone_number,,,,,,
347,Tfg02EnMC3Z7,yeaQBVQl,,,,,,,,,,,,,,,,,,,,,,,,,,,,,,,,,ACdfllYl-5pn3-nIHl-scfo-tLGOFwS02d05,Temporary title #88,WELCOME_SCREEN,,,,,,
348,tUiWOmG5nCYX,E5C2ELEf,,,,,,,,,,,,,,,,,,,,,,,,,,,,,,,,,UCFoVXfv-xkbr-jeMn-kNEs-VkCe1YcaGulJ,Temporary title #115,file_upload,,,,,,
349,kHdnvF0U2Xg3,wfzCK4wd,,,,,,,,,,,,,,,,,,,,,,,,,,,,,,,,,M1SFWyMM-bSuy-z84X-x5Sp-0JMDPaFlVNqX,Temporary title #122,short_text,,,,,,
350,FHzxFR7epKLZ,sDSsGFG6,,,,,,,,,,,,,,,,,,,,,,,,,,,,,,,,,VVpbeo0o-uwLj-h6yU-CEyg-U0ye9Dweho61,Temporary title #124,number,,,,,,
351,8uIMQw7duZd8,OkXkhMY3,,,,,,,,,,,,,,,,,,,,,,,,,,,,,,,,,zSJsmiw2-zwSo-1k3T-IfuF-tl1Ukt7kyeEN,Temporary title #95,short_text,,,,,,
352,qp8ywEOFVNOg,NA3y3ZPm,,,,,,,,,,,,,,,,,,,,,,,,,,,,,,,,,msjpuMkc-Q6Ux-QAyy-niC7-hoVDOgwCkRsU,Temporary title #22,dropdown,,,,,,
353,kKpXVEldFMc3,iD3BXG7C,,,,,,,,,,,,,,,,,,,,,,,,,,,,,,,,,DfhF24Hp-L1vS-4XJl-7mzE-27jj6OtzuAJ4,Temporary title #119,date,,,,,,
354,msXARFz5dXg3,wkbU6IGZ,,,,,,,,,,,,,,,,,,,,,,,,,,,,,,,,,0760lKRq-vISF-QAgD-RIiT-7Nk3Rl5HcikR,Temporary title #98,THANKYOU_SCREEN,,,,,,
355,YZnkkAs5RIF5,OkXkhMY3,,,,,,,,,,,,,,,,,,,,,,,,,,,,,,,,,K5tvCGsu-sLTX-KByg-tBgW-HUCTYqcZnOQz,Temporary title #25,statement,,,,,,
356,WZS6eZQYMukV,xHQThEtD,,,,,,,,,,,,,,,,,,,,,,,,,,,,,,,,,xJ6c11kR-LICK-QZ75-WDtH-Z6haggHvM1uB,Temporary title #156,phone_number,,,,,,
357,GPxJCqNJoM5q,2Dl5Ojbz,,,,,,,,,,,,,,,,,,,,,,,,,,,,,,,,,ACdfllYl-5pn3-nIHl-scfo-tLGOFwS02d05,Temporary title #16,file_upload,,,,,,
358,hTkrdzOYXolW,OkXkhMY3,,,,,,,,,,,,,,,,,,,,,,,,,,,,,,,,,YXgGdHso-mJHZ-wIVh-NszL-0xVES1a43eMd,Temporary title #146,date,,,,,,
359,9aPpb7yxT5o0,yLDDvlcz,,,,,,,,,,,,,,,,,,,,,,,,,,,,,,,,,avI4GWw5-Fint-utLh-ZJ1w-irle5RyCQvp6,Temporary title #137,email,,,,,,
360,m5fPYQ9QBEDG,yeaQBVQl,,,,,,,,,,,,,,,,,,,,,,,,,,,,,,,,,Cv0iPXHI-gNdK-QyBA-T1JG-D7SSrC2GqZ8l,Temporary title #15,opinion_scale,,,,,,
361,0wbV7WQtAFBR,SIUxZUz6,,,,,,,,,,,,,,,,,,,,,,,,,,,,,,,,,Xfxy1KPP-M0LE-dfzG-X4Ld-G8HJ0GL3RZPc,Temporary title #35,WELCOME_SCREEN,,,,,,
362,Z8uUMwKAVTT0,NA3y3ZPm,,,,,,,,,,,,,,,,,,,,,,,,,,,,,,,,,Zxm4163y-iJRV-xaWP-Gohf-vZBRQiekC3Vl,Temporary title #92,statement,,,,,,
363,dyTb7tU6gNGF,M2U1tbLu,,,,,,,,,,,,,,,,,,,,,,,,,,,,,,,,,pPolsWNO-kVqi-cUkw-mcga-B1wEVnbMUjAX,Temporary title #79,dropdown,,,,,,
364,dvEvehqhXN0L,1dRXXlhS,,,,,,,,,,,,,,,,,,,,,,,,,,,,,,,,,uqN7aiHX-Wk4P-7IIi-lLGA-F9CNukBaoWzY,Temporary title #8,file_upload,,,,,,
365,zAXSJjq9gqm4,eXBZf0dw,,,,,,,,,,,,,,,,,,,,,,,,,,,,,,,,,uaMOznQ3-m0uP-5mXT-eDxx-HBF0QaVwBiYH,Temporary title #59,WELCOME_SCREEN,,,,,,
366,SrcPiEVmZ66H,GOWEgK5z,,,,,,,,,,,,,,,,,,,,,,,,,,,,,,,,,6VhyE1CO-vZ3B-WPk1-zOq9-hazxeB0lyOjQ,Temporary title #81,date,,,,,,
367,fBXr8UGj5wXz,yeaQBVQl,,,,,,,,,,,,,,,,,,,,,,,,,,,,,,,,,WsFFWrct-t4ve-WJF8-qiWm-aWHIEi5lCewN,Temporary title #141,opinion_scale,,,,,,
368,UHVmnMMr4tX5,D3VWS0HU,,,,,,,,,,,,,,,,,,,,,,,,,,,,,,,,,NLbrjJz5-VGXd-4ToU-WtKO-X8rlfXSTIfWH,Temporary title #132,multiple_choice,,,,,,
369,7hQW975PvWus,GOWEgK5z,,,,,,,,,,,,,,,,,,,,,,,,,,,,,,,,,uqN7aiHX-Wk4P-7IIi-lLGA-F9CNukBaoWzY,Temporary title #60,number,,,,,,
370,7zG75TdUl5Mz,mH7ZKWX9,,,,,,,,,,,,,,,,,,,,,,,,,,,,,,,,,AXcUw2eU-vBHP-Aemh-c1Iw-WMViSSqnYul7,Temporary title #40,file_upload,,,,,,
371,pc0HxkNuAf8H,1dRXXlhS,,,,,,,,,,,,,,,,,,,,,,,,,,,,,,,,,OPWMjB3V-HQeq-lbVv-vS8x-iGQBwB8NzmuH,Temporary title #55,email,,,,,,
372,A8LfsPzDkW3F,xJy9dMdk,,,,,,,,,,,,,,,,,,,,,,,,,,,,,,,,,msjpuMkc-Q6Ux-QAyy-niC7-hoVDOgwCkRsU,Temporary title #67,group,,,,,,
373,Dlo4hD0y2onU,yeaQBVQl,,,,,,,,,,,,,,,,,,,,,,,,,,,,,,,,,ElTuYJom-U9HX-CVft-SIu5-8f2NVCxJmGj6,Temporary title #21,multiple_choice,,,,,,
374,z7qT7uPemFXZ,vPH6HjVp,,,,,,,,,,,,,,,,,,,,,,,,,,,,,,,,,S7bXY18t-QrPZ-6ld3-PNca-l3uTdNgzgwIw,Temporary title #57,file_upload,,,,,,
375,gKvqgx631Ea8,yLDDvlcz,,,,,,,,,,,,,,,,,,,,,,,,,,,,,,,,,WwQkwjVP-ljpw-alxd-n7mB-nWYYxICStbCj,Temporary title #94,WELCOME_SCREEN,,,,,,
376,DGPBiAFuxgx2,eiqqlfDa,,,,,,,,,,,,,,,,,,,,,,,,,,,,,,,,,lF664qJl-WpQJ-CQsr-MPr7-99g0iXrTYzST,Temporary title #114,yes_no,,,,,,
377,B2sUkEIREKQA,D3VWS0HU,,,,,,,,,,,,,,,,,,,,,,,,,,,,,,,,,GTQjeoyx-GYtf-8RNS-ezYt-pGR48N6vn7p5,Temporary title #108,WELCOME_SCREEN,,,,,,
378,lcxHHDQt02tH,cKx37zuM,,,,,,,,,,,,,,,,,,,,,,,,,,,,,,,,,WwQkwjVP-ljpw-alxd-n7mB-nWYYxICStbCj,Temporary title #70,date,,,,,,
379,ggSaQxsPjkm6,UdwuOEYk,,,,,,,,,,,,,,,,,,,,,,,,,,,,,,,,,e4RHfxZl-xzrT-BoBp-TP0a-tPiVxrbOiaUZ,Temporary title #39,number,,,,,,
380,KeR4FBOwYtws,3JWbiahb,,,,,,,,,,,,,,,,,,,,,,,,,,,,,,,,,ghAsd2sh-Bw8b-PZ5v-MIla-5IXNtjiKAP6N,Temporary title #25,statement,,,,,,
381,8dQ0jsZQ6OOh,xHQThEtD,,,,,,,,,,,,,,,,,,,,,,,,,,,,,,,,,S7bXY18t-QrPZ-6ld3-PNca-l3uTdNgzgwIw,Temporary title #38,date,,,,,,
382,N0cagJstsLeH,Lbzmv24K,,,,,,,,,,,,,,,,,,,,,,,,,,,,,,,,,avI4GWw5-Fint-utLh-ZJ1w-irle5RyCQvp6,Temporary title #159,opinion_scale,,,,,,
383,9R5FFr16kB1j,4Szgz90h,,,,,,,,,,,,,,,,,,,,,,,,,,,,,,,,,BIo0RqDJ-599I-T823-xjkV-zbtkgwbZfRZF,Temporary title #82,email,,,,,,
384,GKS5ZvjprvXN,NA5dJkdS,,,,,,,,,,,,,,,,,,,,,,,,,,,,,,,,,0B3eU5Iv-6f52-AWSs-ppFs-Ai4sAzZ4rV9C,Temporary title #98,THANKYOU_SCREEN,,,,,,
385,KDxGl4ZMocS5,bnis90mp,,,,,,,,,,,,,,,,,,,,,,,,,,,,,,,,,UIHsGZjj-XV70-6Gfc-j8G6-sJSD8d897Zux,Temporary title #80,file_upload,,,,,,
386,jI9vrtQfgKix,xHQThEtD,,,,,,,,,,,,,,,,,,,,,,,,,,,,,,,,,3NOJt0j8-FlhS-4wrK-aQjp-OWs0pJhjAkRQ,Temporary title #28,number,,,,,,
387,9rZhcE8CRu7g,FLykESrn,,,,,,,,,,,,,,,,,,,,,,,,,,,,,,,,,3NOJt0j8-FlhS-4wrK-aQjp-OWs0pJhjAkRQ,Temporary title #107,statement,,,,,,
388,5UEHxF9z3DqG,M2U1tbLu,,,,,,,,,,,,,,,,,,,,,,,,,,,,,,,,,rZLrramf-Vwuw-A7xR-i4oZ-ayPhufKBaaYK,Temporary title #16,dropdown,,,,,,
389,KiKFv8Vva99N,fcM6JX9g,,,,,,,,,,,,,,,,,,,,,,,,,,,,,,,,,avI4GWw5-Fint-utLh-ZJ1w-irle5RyCQvp6,Temporary title #127,THANKYOU_SCREEN,,,,,,
390,H55txqhf6dYB,yLDDvlcz,,,,,,,,,,,,,,,,,,,,,,,,,,,,,,,,,p4CYfoQJ-YD8n-eSel-Bmup-c0bKsAIemJwM,Temporary title #4,short_text,,,,,,
391,qnIXJqwX8btR,OOmKB6Y5,,,,,,,,,,,,,,,,,,,,,,,,,,,,,,,,,9q4ZU3FX-yR1j-e3VT-buDp-VugwqE6bX2G2,Temporary title #141,group,,,,,,
392,4xgSxnIreZ2T,GOWEgK5z,,,,,,,,,,,,,,,,,,,,,,,,,,,,,,,,,4TWcZrpa-RrOS-EcrG-XpXo-IRzHnwMR38F7,Temporary title #80,yes_no,,,,,,
393,aGTmrnRDigob,K1OEbZh9,,,,,,,,,,,,,,,,,,,,,,,,,,,,,,,,,VPj7DT8M-zl66-k2wy-pVko-LKLORwqFts24,Temporary title #41,WELCOME_SCREEN,,,,,,
394,b8C7qB3l0mjW,fcM6JX9g,,,,,,,,,,,,,,,,,,,,,,,,,,,,,,,,,pPolsWNO-kVqi-cUkw-mcga-B1wEVnbMUjAX,Temporary title #103,statement,,,,,,
395,8K1YVei5udjz,eiqqlfDa,,,,,,,,,,,,,,,,,,,,,,,,,,,,,,,,,QibWqZlz-79fW-ydR0-Rz6e-7NyJRB1DhDqe,Temporary title #89,opinion_scale,,,,,,
396,jfyKB7EtwVhJ,sDSsGFG6,,,,,,,,,,,,,,,,,,,,,,,,,,,,,,,,,FCTJsSof-qgGo-Ewxo-WDqB-e8xHb9OL4GAJ,Temporary title #111,phone_number,,,,,,
397,7iPtdhzmiqxj,HNEMpIsa,,,,,,,,,,,,,,,,,,,,,,,,,,,,,,,,,WwQkwjVP-ljpw-alxd-n7mB-nWYYxICStbCj,Temporary title #0,file_upload,,,,,,
398,gz8bHemOoDzs,4Szgz90h,,,,,,,,,,,,,,,,,,,,,,,,,,,,,,,,,WYCNpjbe-vctq-AdD7-qssZ-arQ6DE0AcoAa,Temporary title #155,multiple_choice,,,,,,
399,73pfCOGtYp7X,OkXkhMY3,,,,,,,,,,,,,,,,,,,,,,,,,,,,,,,,,rfrh23eL-vkQB-jrTA-FDM7-StWDqsEDDxeA,Temporary title #19,number,,,,,,
