,id,theme_id,workspace_id,cui_setting_avatar,cui_setting_is_typing_emulation_disabled,cui_setting_typing_emulation_speed,language,last_updated_at,title,type,variable_price,variable_score
0,1dRXXlhS,auRsG5,p88VxcA3iM,,False,slow,,2021-01-01 01:57:16,temporary_title_0,form,,
1,NA3y3ZPm,2cdkAW,KcBEKanD0F,,True,medium,,2021-01-01 00:15:24,temporary_title_1,form,,
2,uNcRmP5L,oz5bCD,dwfjgMD1ZF,,False,slow,,2021-01-01 00:29:19,temporary_title_2,quiz,,
3,wkbU6IGZ,PRQ5ph,EePLu2Gk1o,,True,fast,,2021-01-01 02:11:40,temporary_title_3,form,,
4,qzCOvwUr,oxMkHX,Mjh9XXgCkZ,,True,medium,,2021-01-01 01:38:13,temporary_title_4,form,,
5,cKx37zuM,vHHdyN,ILwIyFSkJC,,True,medium,,2021-01-01 02:12:41,temporary_title_5,form,,
6,t3S1Aj2b,XS4LdA,ApccFt0MQe,,True,slow,,2021-01-01 01:59:23,temporary_title_6,classification_branching,,
7,GOWEgK5z,1bIKZ1,R5pVH6rHEM,,False,fast,,2021-01-01 02:08:36,temporary_title_7,form,,
8,Lnswe4mN,FHwP9K,ILwIyFSkJC,,True,slow,,2021-01-01 01:37:30,temporary_title_8,classification_branching,,
9,Yk9MAUKe,oxMkHX,EePLu2Gk1o,,False,fast,,2021-01-01 00:19:04,temporary_title_9,classification_branching,,
10,sB22pTs4,FR10Qy,KcBEKanD0F,,True,slow,,2021-01-01 00:43:04,temporary_title_10,form,,
11,xHQThEtD,qbjqcj,dwfjgMD1ZF,,True,slow,,2021-01-01 02:38:37,temporary_title_11,quiz,,
12,yLDDvlcz,ge9xZD,m8wBACpRrj,,True,medium,,2021-01-01 00:52:09,temporary_title_12,form,,
13,sDSsGFG6,wbAORw,NHl3hrDtkQ,,False,fast,,2021-01-01 02:29:57,temporary_title_13,quiz,,
14,FLykESrn,1bIKZ1,R5pVH6rHEM,,True,slow,,2021-01-01 01:27:51,temporary_title_14,classification_branching,,
15,K1OEbZh9,hDk4Ye,IxX5puQJCB,,True,medium,,2021-01-01 01:18:47,temporary_title_15,classification_branching,,
16,PueVzNxs,ieQzDf,tQxiDX3pCN,,True,fast,,2021-01-01 00:54:22,temporary_title_16,quiz,,
17,SIUxZUz6,X6Yf6S,KcBEKanD0F,,False,medium,,2021-01-01 00:01:22,temporary_title_17,classification_branching,,
18,XlvGQEjc,X82Jyj,I72fjyK8x6,,True,medium,,2021-01-01 02:39:55,temporary_title_18,classification_branching,,
19,0v9JGDym,R8VpUj,0rPZkcHFue,,False,fast,,2021-01-01 01:57:19,temporary_title_19,form,,
20,0v9JGDym,tVJ6CM,ycLapim86t,,False,slow,,2021-01-01 00:11:31,temporary_title_20,form,,
21,BCQVJnrM,auRsG5,ApccFt0MQe,,True,medium,,2021-01-01 00:46:47,temporary_title_21,form,,
22,czMWBewW,3SvM0s,P80lXlEXwu,,False,slow,,2021-01-01 00:44:05,temporary_title_22,form,,
23,UdwuOEYk,FHwP9K,EePLu2Gk1o,,True,slow,,2021-01-01 02:11:55,temporary_title_23,classification_branching,,
24,SIUxZUz6,xBoQE1,EePLu2Gk1o,,True,medium,,2021-01-01 01:38:24,temporary_title_24,classification_branching,,
25,czMWBewW,FHwP9K,ycLapim86t,,False,medium,,2021-01-01 01:47:30,temporary_title_25,quiz,,
26,yLDDvlcz,hDk4Ye,EePLu2Gk1o,,False,fast,,2021-01-01 00:32:47,temporary_title_26,quiz,,
27,D3VWS0HU,lQkxyO,ILwIyFSkJC,,True,fast,,2021-01-01 01:46:11,temporary_title_27,form,,
28,gBPjc73l,28n8aD,KcBEKanD0F,,False,slow,,2021-01-01 01:07:44,temporary_title_28,form,,
29,iD3BXG7C,xBoQE1,p88VxcA3iM,,True,medium,,2021-01-01 00:55:19,temporary_title_29,classification_branching,,
30,OkXkhMY3,X6Yf6S,EePLu2Gk1o,,True,medium,,2021-01-01 02:36:52,temporary_title_30,quiz,,
31,ODF8TTxQ,E53fA8,g9A1c3aCIe,,True,slow,,2021-01-01 00:21:09,temporary_title_31,quiz,,
32,wfzCK4wd,X82Jyj,ycLapim86t,,True,fast,,2021-01-01 02:14:11,temporary_title_32,quiz,,
33,NA3y3ZPm,H0UJqK,I72fjyK8x6,,False,slow,,2021-01-01 00:14:37,temporary_title_33,classification_branching,,
34,B4GjTdOd,Ucica7,g9A1c3aCIe,,True,medium,,2021-01-01 02:30:07,temporary_title_34,quiz,,
35,wkbU6IGZ,jdFAwv,ycLapim86t,,False,slow,,2021-01-01 01:10:05,temporary_title_35,form,,
36,wfzCK4wd,XS4LdA,KcBEKanD0F,,True,slow,,2021-01-01 02:13:23,temporary_title_36,quiz,,
37,xJy9dMdk,0yIf9a,fqCzLky63F,,True,fast,,2021-01-01 00:22:39,temporary_title_37,quiz,,
38,OOmKB6Y5,uidDdR,dwfjgMD1ZF,,False,slow,,2021-01-01 00:23:34,temporary_title_38,quiz,,
39,yeaQBVQl,WbGIxO,0rPZkcHFue,,False,slow,,2021-01-01 01:06:53,temporary_title_39,form,,
40,Yk9MAUKe,Ucica7,ycLapim86t,,True,medium,,2021-01-01 00:47:38,temporary_title_40,classification_branching,,
41,wkbU6IGZ,WbGIxO,p88VxcA3iM,,True,fast,,2021-01-01 00:46:20,temporary_title_41,quiz,,
42,iD3BXG7C,oEFKDz,I72fjyK8x6,,True,medium,,2021-01-01 02:02:40,temporary_title_42,form,,
43,AmKKC6Z3,0yIf9a,BoaITcv5up,,True,fast,,2021-01-01 01:50:31,temporary_title_43,form,,
44,eiqqlfDa,K6QU7f,ycLapim86t,,False,slow,,2021-01-01 02:32:54,temporary_title_44,classification_branching,,
45,yeaQBVQl,K6QU7f,g9A1c3aCIe,,False,fast,,2021-01-01 00:52:05,temporary_title_45,form,,
46,vPH6HjVp,BtlViW,g9A1c3aCIe,,True,slow,,2021-01-01 01:55:34,temporary_title_46,classification_branching,,
47,OkXkhMY3,tkXmbk,fqCzLky63F,,True,medium,,2021-01-01 01:02:37,temporary_title_47,quiz,,
48,qzCOvwUr,npvtLq,wyAs0RqDlR,,True,fast,,2021-01-01 01:58:45,temporary_title_48,classification_branching,,
49,yeaQBVQl,vHHdyN,ycLapim86t,,True,fast,,2021-01-01 01:52:59,temporary_title_49,quiz,,
50,xHQThEtD,wbAORw,wyAs0RqDlR,,True,medium,,2021-01-01 00:51:53,temporary_title_50,quiz,,
51,eiqqlfDa,XS4LdA,wyAs0RqDlR,,False,medium,,2021-01-01 01:03:09,temporary_title_51,classification_branching,,
52,cKx37zuM,X82Jyj,p88VxcA3iM,,True,slow,,2021-01-01 01:38:26,temporary_title_52,form,,
53,2Dl5Ojbz,xBoQE1,ILwIyFSkJC,,True,medium,,2021-01-01 02:11:24,temporary_title_53,classification_branching,,
54,SIUxZUz6,K6QU7f,tQxiDX3pCN,,False,slow,,2021-01-01 00:35:37,temporary_title_54,quiz,,
55,iD3BXG7C,bjRFDX,m8wBACpRrj,,True,slow,,2021-01-01 00:54:10,temporary_title_55,form,,
56,0skQEjxM,swuJBX,KcBEKanD0F,,False,medium,,2021-01-01 02:35:51,temporary_title_56,quiz,,
57,mFkkzZW9,TsDk30,NHl3hrDtkQ,,True,medium,,2021-01-01 00:14:19,temporary_title_57,quiz,,
58,3JWbiahb,DucGpc,Mjh9XXgCkZ,,False,slow,,2021-01-01 02:22:47,temporary_title_58,form,,
59,vPH6HjVp,jdFAwv,fqCzLky63F,,False,fast,,2021-01-01 00:50:53,temporary_title_59,quiz,,
60,UCMlw0B0,XS4LdA,Mjh9XXgCkZ,,False,fast,,2021-01-01 00:51:40,temporary_title_60,classification_branching,,
61,1dRXXlhS,PRQ5ph,IxX5puQJCB,,True,medium,,2021-01-01 00:21:26,temporary_title_61,form,,
62,D3VWS0HU,28n8aD,BoaITcv5up,,True,slow,,2021-01-01 01:47:27,temporary_title_62,classification_branching,,
63,wfzCK4wd,lQkxyO,ILwIyFSkJC,,False,fast,,2021-01-01 02:27:39,temporary_title_63,classification_branching,,
64,t3S1Aj2b,FR10Qy,EePLu2Gk1o,,True,fast,,2021-01-01 00:00:49,temporary_title_64,quiz,,
65,sDSsGFG6,T0Dtlp,wyAs0RqDlR,,False,fast,,2021-01-01 02:45:01,temporary_title_65,quiz,,
66,sB22pTs4,tVJ6CM,0rPZkcHFue,,True,slow,,2021-01-01 02:17:12,temporary_title_66,form,,
67,eiqqlfDa,OKTFSA,BoaITcv5up,,False,fast,,2021-01-01 01:02:07,temporary_title_67,form,,
68,mFkkzZW9,XS4LdA,R5pVH6rHEM,,True,fast,,2021-01-01 02:35:10,temporary_title_68,form,,
69,xJy9dMdk,XS4LdA,R5pVH6rHEM,,False,slow,,2021-01-01 01:29:27,temporary_title_69,quiz,,
70,3JWbiahb,GT7EXX,I72fjyK8x6,,True,fast,,2021-01-01 01:26:04,temporary_title_70,quiz,,
71,0skQEjxM,GT7EXX,tQxiDX3pCN,,True,medium,,2021-01-01 02:13:56,temporary_title_71,form,,
72,xJy9dMdk,oEFKDz,KcBEKanD0F,,False,fast,,2021-01-01 02:39:01,temporary_title_72,form,,
73,HNEMpIsa,OKTFSA,I72fjyK8x6,,True,slow,,2021-01-01 00:47:54,temporary_title_73,form,,
74,mH7ZKWX9,tVJ6CM,wyAs0RqDlR,,False,medium,,2021-01-01 02:08:11,temporary_title_74,classification_branching,,
75,jrf6HtjX,ieQzDf,EePLu2Gk1o,,True,fast,,2021-01-01 01:06:15,temporary_title_75,classification_branching,,
76,Qk9RySog,tkXmbk,NHl3hrDtkQ,,True,medium,,2021-01-01 01:42:31,temporary_title_76,classification_branching,,
77,mBngRt49,OKTFSA,KcBEKanD0F,,True,slow,,2021-01-01 01:49:08,temporary_title_77,form,,
78,mH7ZKWX9,OKTFSA,BoaITcv5up,,False,fast,,2021-01-01 02:06:30,temporary_title_78,classification_branching,,0.0
79,3JHbezZc,GT7EXX,FekFRD5ziA,,False,fast,,2021-01-01 02:18:42,temporary_title_79,classification_branching,,
80,3JWbiahb,28n8aD,g9A1c3aCIe,,False,slow,,2021-01-01 00:29:10,temporary_title_80,classification_branching,,
81,HNEMpIsa,vHHdyN,R5pVH6rHEM,,False,slow,,2021-01-01 01:55:10,temporary_title_81,classification_branching,,
82,MlpktgJY,5P8uV8,EePLu2Gk1o,,True,medium,,2021-01-01 02:44:44,temporary_title_82,classification_branching,,
83,AmKKC6Z3,Y9meIU,IxX5puQJCB,,False,fast,,2021-01-01 02:21:07,temporary_title_83,quiz,,
84,SIUxZUz6,tkXmbk,p88VxcA3iM,,True,medium,,2021-01-01 00:25:18,temporary_title_84,classification_branching,,
85,HNEMpIsa,xBoQE1,EePLu2Gk1o,,True,medium,,2021-01-01 01:07:20,temporary_title_85,form,,
86,OkXkhMY3,tJQjCk,0rPZkcHFue,,True,medium,,2021-01-01 00:16:06,temporary_title_86,quiz,,
87,wkbU6IGZ,DucGpc,KcBEKanD0F,,True,medium,,2021-01-01 00:29:46,temporary_title_87,quiz,,
88,1u3dQSLd,X6Yf6S,tQxiDX3pCN,,True,medium,,2021-01-01 00:17:48,temporary_title_88,quiz,,
89,M2U1tbLu,WbGIxO,ycLapim86t,,False,medium,,2021-01-01 01:13:49,temporary_title_89,quiz,,
90,pgBUOtUs,BtlViW,p88VxcA3iM,,False,medium,,2021-01-01 01:07:40,temporary_title_90,classification_branching,,
91,pgBUOtUs,H0UJqK,ILwIyFSkJC,,False,fast,,2021-01-01 01:15:47,temporary_title_91,quiz,,
92,4Szgz90h,ieQzDf,ApccFt0MQe,,False,medium,,2021-01-01 01:33:01,temporary_title_92,quiz,,
93,Yk9MAUKe,K6QU7f,g9A1c3aCIe,,True,fast,,2021-01-01 01:18:11,temporary_title_93,quiz,,
94,Qk9RySog,Ucica7,P80lXlEXwu,,False,medium,,2021-01-01 02:26:05,temporary_title_94,form,,
95,j73CTENC,Vj2MLI,EePLu2Gk1o,,True,medium,,2021-01-01 01:40:32,temporary_title_95,form,,
96,vPH6HjVp,npvtLq,0rPZkcHFue,,True,medium,,2021-01-01 00:36:57,temporary_title_96,quiz,,
97,xhOYOanB,uidDdR,dwfjgMD1ZF,,True,medium,,2021-01-01 01:35:45,temporary_title_97,quiz,,
98,ZaKqO7WH,swuJBX,R5pVH6rHEM,,True,fast,,2021-01-01 02:34:46,temporary_title_98,form,,
99,OOmKB6Y5,R8VpUj,EePLu2Gk1o,,False,slow,,2021-01-01 00:34:58,temporary_title_99,quiz,,
100,wkbU6IGZ,R8VpUj,Mjh9XXgCkZ,,False,fast,,2021-01-01 00:19:31,temporary_title_100,classification_branching,,
101,5pyNILMA,X82Jyj,dwfjgMD1ZF,,True,fast,,2021-01-01 00:03:49,temporary_title_101,form,,
102,bnis90mp,28n8aD,0rPZkcHFue,,True,fast,,2021-01-01 02:02:56,temporary_title_102,quiz,,
103,FLykESrn,XS4LdA,BoaITcv5up,,True,fast,,2021-01-01 00:32:19,temporary_title_103,form,,
104,qxDBWmOV,TsDk30,m8wBACpRrj,,True,slow,,2021-01-01 01:50:08,temporary_title_104,form,,
105,xJy9dMdk,K6QU7f,NHl3hrDtkQ,,True,medium,,2021-01-01 00:06:16,temporary_title_105,quiz,,
106,bnis90mp,Vj2MLI,FekFRD5ziA,,False,slow,,2021-01-01 00:44:38,temporary_title_106,classification_branching,,
107,Qk9RySog,jdFAwv,R5pVH6rHEM,,True,medium,,2021-01-01 02:42:53,temporary_title_107,quiz,,
108,vPH6HjVp,lQkxyO,I72fjyK8x6,,True,medium,,2021-01-01 00:37:09,temporary_title_108,quiz,,
109,xHQThEtD,oz5bCD,p88VxcA3iM,,True,medium,,2021-01-01 01:51:23,temporary_title_109,classification_branching,,
110,sB22pTs4,uidDdR,NHl3hrDtkQ,,True,medium,,2021-01-01 01:06:07,temporary_title_110,quiz,,
111,MjCQ5S00,GT7EXX,I72fjyK8x6,,False,medium,,2021-01-01 02:09:52,temporary_title_111,quiz,,
112,cKx37zuM,oEFKDz,wyAs0RqDlR,,True,fast,,2021-01-01 02:06:00,temporary_title_112,classification_branching,,
113,SIUxZUz6,h51ABf,EePLu2Gk1o,,False,medium,,2021-01-01 00:18:05,temporary_title_113,quiz,,
114,AmKKC6Z3,tkXmbk,I72fjyK8x6,,False,medium,,2021-01-01 00:46:53,temporary_title_114,quiz,,
115,qxDBWmOV,FR10Qy,NHl3hrDtkQ,,True,slow,,2021-01-01 00:21:21,temporary_title_115,quiz,,
116,UdwuOEYk,ge9xZD,ycLapim86t,,True,fast,,2021-01-01 01:33:33,temporary_title_116,form,,
117,5pyNILMA,xBoQE1,EePLu2Gk1o,,True,fast,,2021-01-01 01:13:31,temporary_title_117,classification_branching,,
118,czMWBewW,oxMkHX,ApccFt0MQe,,True,medium,,2021-01-01 00:42:08,temporary_title_118,form,,
119,Lbzmv24K,3SvM0s,ILwIyFSkJC,,True,fast,,2021-01-01 00:15:36,temporary_title_119,quiz,,
120,FLykESrn,auRsG5,ycLapim86t,,True,slow,,2021-01-01 02:00:37,temporary_title_120,classification_branching,,
121,z6YmwlfL,swuJBX,ycLapim86t,,True,medium,,2021-01-01 02:21:52,temporary_title_121,form,,
122,wfzCK4wd,tJQjCk,I72fjyK8x6,,True,fast,,2021-01-01 00:11:19,temporary_title_122,quiz,,
123,2Dl5Ojbz,GT7EXX,I72fjyK8x6,,True,medium,,2021-01-01 00:14:38,temporary_title_123,form,,
124,MdPnIanj,oz5bCD,tQxiDX3pCN,,True,medium,,2021-01-01 00:09:07,temporary_title_124,form,,
125,eXBZf0dw,PRQ5ph,IxX5puQJCB,,True,medium,,2021-01-01 01:59:29,temporary_title_125,form,,
126,0v9JGDym,oEFKDz,FekFRD5ziA,,True,slow,,2021-01-01 02:24:50,temporary_title_126,classification_branching,,
127,OOmKB6Y5,X6Yf6S,0rPZkcHFue,,True,fast,,2021-01-01 01:52:06,temporary_title_127,classification_branching,,
128,ODF8TTxQ,FR10Qy,IxX5puQJCB,,True,fast,,2021-01-01 02:30:07,temporary_title_128,classification_branching,,
129,B4GjTdOd,R8VpUj,p88VxcA3iM,,True,slow,,2021-01-01 02:26:11,temporary_title_129,form,,
130,eXBZf0dw,Vj2MLI,P80lXlEXwu,,False,medium,,2021-01-01 01:24:47,temporary_title_130,form,,
131,OOmKB6Y5,H0UJqK,0rPZkcHFue,,True,slow,,2021-01-01 02:44:20,temporary_title_131,classification_branching,,
132,3JWbiahb,npvtLq,tQxiDX3pCN,,False,fast,,2021-01-01 02:37:34,temporary_title_132,classification_branching,,
133,UCMlw0B0,28n8aD,ILwIyFSkJC,,False,slow,,2021-01-01 01:38:27,temporary_title_133,quiz,,
134,Lnswe4mN,ge9xZD,R5pVH6rHEM,,False,fast,,2021-01-01 01:19:45,temporary_title_134,classification_branching,,
135,GOWEgK5z,T0Dtlp,BoaITcv5up,,True,fast,,2021-01-01 02:41:42,temporary_title_135,quiz,,
136,GOWEgK5z,oEFKDz,ILwIyFSkJC,,False,fast,,2021-01-01 00:36:59,temporary_title_136,classification_branching,,
137,eXBZf0dw,Ucica7,tQxiDX3pCN,,False,slow,,2021-01-01 02:06:49,temporary_title_137,quiz,,
138,3JHbezZc,hWA2E0,p88VxcA3iM,,True,slow,,2021-01-01 01:30:51,temporary_title_138,classification_branching,,
139,OkXkhMY3,uidDdR,I72fjyK8x6,,True,medium,,2021-01-01 01:37:25,temporary_title_139,classification_branching,,
140,D3VWS0HU,xBoQE1,wyAs0RqDlR,,True,fast,,2021-01-01 00:19:03,temporary_title_140,quiz,,
141,yLDDvlcz,Ucica7,ApccFt0MQe,,False,medium,,2021-01-01 01:11:06,temporary_title_141,form,,
142,MlpktgJY,1yn3GM,FekFRD5ziA,,False,slow,,2021-01-01 01:19:56,temporary_title_142,quiz,,
143,vUq5YSDB,BtlViW,tQxiDX3pCN,,True,fast,,2021-01-01 01:35:07,temporary_title_143,quiz,,
144,1u3dQSLd,tJQjCk,fqCzLky63F,,True,slow,,2021-01-01 02:32:34,temporary_title_144,form,,
145,1dRXXlhS,DucGpc,g9A1c3aCIe,,True,medium,,2021-01-01 00:28:03,temporary_title_145,form,,
146,D3VWS0HU,FHwP9K,p88VxcA3iM,,True,slow,,2021-01-01 01:09:01,temporary_title_146,classification_branching,,
147,BCQVJnrM,TsDk30,g9A1c3aCIe,,True,fast,,2021-01-01 01:42:50,temporary_title_147,classification_branching,,
148,vUq5YSDB,WbGIxO,KcBEKanD0F,,False,fast,,2021-01-01 01:25:33,temporary_title_148,classification_branching,,
149,UCMlw0B0,XS4LdA,wyAs0RqDlR,,False,slow,,2021-01-01 02:06:43,temporary_title_149,form,,
150,BCQVJnrM,PRQ5ph,Mjh9XXgCkZ,,False,fast,,2021-01-01 01:56:50,temporary_title_150,classification_branching,,
151,pgBUOtUs,5P8uV8,wyAs0RqDlR,,False,slow,,2021-01-01 01:50:34,temporary_title_151,form,,
152,FLykESrn,oxMkHX,EePLu2Gk1o,,False,medium,,2021-01-01 00:45:30,temporary_title_152,classification_branching,,
153,gBPjc73l,X6Yf6S,ApccFt0MQe,,False,medium,,2021-01-01 01:14:57,temporary_title_153,classification_branching,,
154,fcM6JX9g,ieQzDf,ycLapim86t,,True,slow,,2021-01-01 00:31:41,temporary_title_154,classification_branching,,
155,eiqqlfDa,X82Jyj,NHl3hrDtkQ,,True,fast,,2021-01-01 00:41:03,temporary_title_155,quiz,,
156,NA5dJkdS,ge9xZD,IxX5puQJCB,,True,slow,,2021-01-01 02:31:39,temporary_title_156,form,,
157,uNcRmP5L,1yn3GM,Mjh9XXgCkZ,,True,slow,,2021-01-01 00:46:08,temporary_title_157,quiz,,
158,GOWEgK5z,1yn3GM,dwfjgMD1ZF,,True,slow,,2021-01-01 00:00:59,temporary_title_158,classification_branching,,
159,yeaQBVQl,tJQjCk,ycLapim86t,,False,medium,,2021-01-01 02:01:15,temporary_title_159,classification_branching,,
160,UCMlw0B0,xBoQE1,R5pVH6rHEM,,False,fast,,2021-01-01 01:38:37,temporary_title_160,form,,
161,M2U1tbLu,hDk4Ye,NHl3hrDtkQ,,True,medium,,2021-01-01 01:57:27,temporary_title_161,form,,
162,sDSsGFG6,BtlViW,tQxiDX3pCN,,False,slow,,2021-01-01 01:12:58,temporary_title_162,quiz,,
163,E5C2ELEf,PRQ5ph,BoaITcv5up,,False,slow,,2021-01-01 00:43:29,temporary_title_163,quiz,,
164,yLDDvlcz,oxMkHX,g9A1c3aCIe,,True,slow,,2021-01-01 01:25:36,temporary_title_164,classification_branching,,
165,UdwuOEYk,ge9xZD,EePLu2Gk1o,,True,fast,,2021-01-01 00:51:31,temporary_title_165,quiz,,
166,NA5dJkdS,oEFKDz,R5pVH6rHEM,,False,slow,,2021-01-01 00:35:08,temporary_title_166,form,,
167,M2U1tbLu,oxMkHX,g9A1c3aCIe,,True,fast,,2021-01-01 00:13:39,temporary_title_167,classification_branching,,
168,2Dl5Ojbz,tJQjCk,tQxiDX3pCN,,True,fast,,2021-01-01 00:14:38,temporary_title_168,form,,
169,sDSsGFG6,auRsG5,tQxiDX3pCN,,True,medium,,2021-01-01 02:39:38,temporary_title_169,quiz,,
170,B4GjTdOd,hDk4Ye,I72fjyK8x6,,False,medium,,2021-01-01 00:46:09,temporary_title_170,classification_branching,,
171,xJy9dMdk,K6QU7f,fqCzLky63F,,True,slow,,2021-01-01 02:34:30,temporary_title_171,form,,
172,mH7ZKWX9,uidDdR,P80lXlEXwu,,True,medium,,2021-01-01 02:26:16,temporary_title_172,form,,
173,sDSsGFG6,2cdkAW,m8wBACpRrj,,True,medium,,2021-01-01 02:30:14,temporary_title_173,form,,
174,SIUxZUz6,H0UJqK,R5pVH6rHEM,,True,medium,,2021-01-01 00:41:18,temporary_title_174,classification_branching,,
175,GOWEgK5z,GT7EXX,fqCzLky63F,,True,slow,,2021-01-01 00:16:30,temporary_title_175,quiz,,
176,z6YmwlfL,GT7EXX,FekFRD5ziA,,True,slow,,2021-01-01 02:36:58,temporary_title_176,quiz,,
177,MjCQ5S00,1bIKZ1,I72fjyK8x6,,True,slow,,2021-01-01 01:20:37,temporary_title_177,form,,
178,Lbzmv24K,5P8uV8,wyAs0RqDlR,,True,medium,,2021-01-01 01:36:16,temporary_title_178,classification_branching,,
179,1u3dQSLd,wbAORw,m8wBACpRrj,,False,fast,,2021-01-01 02:05:54,temporary_title_179,classification_branching,,
180,Lbzmv24K,XS4LdA,Mjh9XXgCkZ,,True,slow,,2021-01-01 01:39:39,temporary_title_180,quiz,,
181,vUq5YSDB,qbjqcj,dwfjgMD1ZF,,True,slow,,2021-01-01 01:24:03,temporary_title_181,form,,
182,vPH6HjVp,oz5bCD,Mjh9XXgCkZ,,False,fast,,2021-01-01 01:09:52,temporary_title_182,form,,
183,NA5dJkdS,X82Jyj,tQxiDX3pCN,,True,fast,,2021-01-01 00:19:40,temporary_title_183,form,,
184,Lnswe4mN,WbGIxO,ycLapim86t,,False,slow,,2021-01-01 00:54:23,temporary_title_184,classification_branching,,
185,NA3y3ZPm,XS4LdA,tQxiDX3pCN,,True,medium,,2021-01-01 01:36:50,temporary_title_185,classification_branching,,
186,AmKKC6Z3,vHHdyN,g9A1c3aCIe,,True,medium,,2021-01-01 00:19:07,temporary_title_186,form,,
187,yLDDvlcz,FR10Qy,BoaITcv5up,,True,slow,,2021-01-01 00:19:24,temporary_title_187,quiz,,
188,OKx1lt82,tVJ6CM,EePLu2Gk1o,,True,medium,,2021-01-01 02:34:05,temporary_title_188,form,,
189,fcM6JX9g,auRsG5,0rPZkcHFue,,False,slow,,2021-01-01 01:07:15,temporary_title_189,form,,
190,OOmKB6Y5,hWA2E0,P80lXlEXwu,,False,medium,,2021-01-01 02:00:53,temporary_title_190,classification_branching,,
191,xHQThEtD,wbAORw,BoaITcv5up,,False,medium,,2021-01-01 02:27:49,temporary_title_191,quiz,,
192,xJy9dMdk,1bIKZ1,I72fjyK8x6,,True,medium,,2021-01-01 01:04:54,temporary_title_192,quiz,,
193,vPH6HjVp,vHHdyN,wyAs0RqDlR,,True,fast,,2021-01-01 02:36:44,temporary_title_193,quiz,,
194,gBPjc73l,XS4LdA,EePLu2Gk1o,,True,medium,,2021-01-01 01:12:52,temporary_title_194,classification_branching,,
195,FLykESrn,T0Dtlp,P80lXlEXwu,,False,slow,,2021-01-01 02:31:28,temporary_title_195,classification_branching,,
196,5pyNILMA,PRQ5ph,ILwIyFSkJC,,True,medium,,2021-01-01 01:19:00,temporary_title_196,quiz,,
197,AmKKC6Z3,5P8uV8,dwfjgMD1ZF,,True,slow,,2021-01-01 00:13:33,temporary_title_197,quiz,,
198,1dRXXlhS,3SvM0s,ycLapim86t,,False,medium,,2021-01-01 02:17:08,temporary_title_198,form,,
199,sDSsGFG6,tVJ6CM,wyAs0RqDlR,,True,slow,,2021-01-01 01:57:29,temporary_title_199,form,,
