,id,author_id,permission_group_id,body,comments_disabled,created_at,updated_at,edited_at,draft,url,html_url,position,vote_sum,vote_count,section_id,promoted,outdated,name,title,source_locale,locale
0,1,637,10,Sit non dolor dolorem magnam neque. Quisquam velit ut ipsum. Velit eius etincidunt ipsum dolore velit neque adipisci. Adipisci neque ipsum dolor consectetur numquam voluptatem voluptatem. Sit dolorem labore etincidunt quiquia dolorem modi quiquia. Quisquam sed non sed. Est neque adipisci ut voluptatem quisquam numquam non. Neque consectetur est numquam velit. Quaerat quisquam velit magnam eius quisquam amet.,False,2021-11-30 19:33:41,2021-12-06 17:18:25,2021-12-06 17:18:25,False,,,0,561,3290,4,True,False,Dolor dolorem tempora voluptatem adipisci numquam.,Quaerat magnam labore porro. Non non quisquam sed modi neque. Etincidunt dolor aliquam ipsum dolor sed quiquia. Voluptatem neque tempora amet etincidunt. Modi dolore aliquam neque dolore quaerat. Est labore labore neque ipsum aliquam. Labore velit amet ipsum velit ipsum. Labore eius quaerat ipsum dolore ut dolorem. Non tempora etincidunt non magnam labore dolor. Eius ipsum quaerat quisquam sed.,True,fr
1,2,306,3,Modi tempora porro amet. Etincidunt adipisci voluptatem adipisci etincidunt aliquam. Etincidunt etincidunt adipisci etincidunt sit. Neque adipisci modi eius. Etincidunt est adipisci dolor consectetur.,False,2021-12-20 16:21:32,2022-08-28 22:16:53,2022-08-28 22:16:54,False,,,1,241,6519,1,True,True,Modi modi aliquam numquam est aliquam porro numquam.,Labore dolorem adipisci amet magnam. Etincidunt dolorem est amet sed etincidunt ut aliquam. Adipisci labore tempora voluptatem numquam. Dolore aliquam dolore consectetur amet neque. Velit consectetur magnam quaerat. Non consectetur sed ipsum porro tempora ut. Voluptatem non numquam sed adipisci modi quiquia modi.,False,pt
2,3,462,4,Est magnam quiquia quiquia. Neque ipsum velit quaerat adipisci labore ipsum. Porro porro velit ipsum. Consectetur quisquam dolore est sed voluptatem voluptatem eius. Sed sit eius tempora. Numquam consectetur dolore non tempora est labore. Voluptatem quisquam velit adipisci tempora ipsum labore ut.,False,2021-09-05 17:25:10,2022-06-13 21:44:10,2022-06-13 21:44:11,False,,,2,972,8684,4,True,True,Labore dolorem labore velit etincidunt eius modi voluptatem.,Voluptatem est tempora sit porro. Labore neque eius labore non quisquam sit. Modi dolore tempora quisquam quiquia dolor. Consectetur quisquam quisquam sit voluptatem dolorem. Labore ipsum modi porro ut consectetur consectetur. Dolor porro amet quiquia dolor quisquam est dolor.,False,pt
3,4,249,2,Velit aliquam ipsum non ipsum. Dolorem voluptatem ut ipsum. Voluptatem est ipsum amet eius. Labore quaerat sit amet voluptatem quaerat voluptatem est. Neque adipisci sit consectetur dolorem modi. Consectetur numquam quiquia porro velit dolorem est. Ipsum consectetur dolor tempora magnam eius quisquam amet.,True,2022-01-03 12:15:41,2022-06-01 21:18:06,2022-06-01 21:18:06,False,,,3,955,7662,2,True,True,Quisquam voluptatem quisquam consectetur eius quaerat.,Labore non adipisci dolorem neque. Quisquam neque porro dolorem velit neque tempora. Eius consectetur magnam sed numquam modi amet. Non consectetur aliquam amet. Eius sit numquam est. Dolore velit sed tempora.,True,fr
4,5,692,10,Etincidunt dolorem non sed etincidunt quiquia modi. Modi numquam voluptatem dolor dolor non amet. Consectetur sed quisquam dolorem eius velit ut aliquam. Dolore sed quisquam etincidunt velit magnam dolor. Etincidunt consectetur etincidunt adipisci.,False,2021-08-24 12:34:39,2021-12-19 11:15:53,2021-12-19 11:15:53,False,,,4,417,2822,4,True,True,Ut voluptatem labore sed dolore dolore labore dolore.,Magnam adipisci labore est. Velit ut dolorem modi numquam. Ut sit tempora adipisci aliquam dolor. Magnam aliquam porro quisquam adipisci dolore sed. Eius ut dolorem non sed magnam. Quisquam quisquam magnam est dolorem sit amet voluptatem. Ipsum consectetur porro eius numquam.,True,pt
5,6,849,4,Dolor modi labore porro voluptatem. Velit ipsum eius modi sit numquam. Consectetur ipsum amet dolore numquam consectetur aliquam numquam. Modi labore voluptatem dolorem numquam aliquam sed est. Velit labore etincidunt non amet. Ut est numquam etincidunt ut. Magnam ipsum sed dolorem numquam amet. Neque dolor labore modi non labore. Dolorem ut magnam labore porro. Numquam tempora dolore porro tempora.,True,2021-07-28 16:57:10,2022-02-23 14:06:07,2022-02-23 14:06:07,False,,,5,682,1239,2,False,True,Etincidunt numquam quaerat dolore.,Sit neque non modi sit est quaerat tempora. Dolorem eius adipisci velit voluptatem sed ipsum. Quiquia dolorem aliquam ut sed eius quisquam. Eius quiquia ipsum quisquam sed adipisci sed. Eius consectetur numquam consectetur quisquam non ut quisquam. Sit dolorem amet consectetur. Dolor numquam magnam ipsum. Tempora sed sit eius porro quiquia.,True,fr
6,7,800,6,Non consectetur etincidunt quiquia quisquam. Labore modi dolorem quaerat etincidunt sed. Magnam quisquam tempora ut magnam non. Neque non modi quisquam non ipsum. Numquam sed aliquam dolore non quaerat. Dolore neque labore voluptatem.,True,2021-08-16 11:02:44,2022-02-25 03:26:03,2022-02-25 03:26:03,False,,,6,827,4265,4,True,False,Quisquam tempora numquam sit modi voluptatem dolore.,Amet quisquam voluptatem labore. Labore sed est labore. Dolore dolore adipisci amet quiquia velit non adipisci. Magnam eius eius voluptatem etincidunt etincidunt etincidunt. Numquam dolore dolorem sit sed non non ut. Voluptatem ut dolorem magnam modi aliquam quiquia quiquia. Aliquam quisquam labore est dolore.,False,es-es
7,8,649,5,Numquam non modi consectetur dolor dolore quiquia. Quaerat etincidunt magnam velit neque ipsum numquam. Quisquam ipsum sed ut tempora tempora neque. Sit velit non labore consectetur. Amet ut quiquia modi labore dolorem adipisci.,True,2022-04-29 15:12:07,2022-12-25 09:21:30,2022-12-25 09:21:31,False,,,7,677,8050,4,True,True,Voluptatem quaerat modi magnam quaerat ipsum.,Neque modi tempora sit est tempora amet aliquam. Velit quiquia quisquam dolor velit amet dolore velit. Ut neque sit quiquia. Labore ut ut ut magnam aliquam adipisci. Est est labore dolore sed ut voluptatem sed. Sed consectetur aliquam amet adipisci porro. Etincidunt voluptatem sit amet amet amet dolorem. Labore voluptatem velit neque eius dolor dolorem.,False,fr
8,9,874,4,Dolore numquam dolorem consectetur. Modi adipisci tempora labore labore porro sit modi. Porro est est magnam. Sed ipsum neque quisquam. Labore dolore dolor velit numquam. Etincidunt eius dolorem adipisci tempora velit. Sed consectetur porro labore magnam amet etincidunt. Labore amet quaerat consectetur aliquam tempora dolor. Quaerat dolor quisquam ipsum dolorem modi ipsum.,True,2021-06-30 20:40:01,2021-09-13 12:51:32,2021-09-13 12:51:32,False,,,8,629,6031,1,True,True,Amet ipsum modi adipisci sed voluptatem est.,Eius voluptatem etincidunt non sit dolore dolor non. Non amet aliquam modi sed. Etincidunt ipsum neque adipisci eius voluptatem dolorem. Ipsum quisquam est porro numquam est magnam. Numquam labore etincidunt quiquia dolore dolore labore. Est ut ut porro. Etincidunt non adipisci quisquam magnam eius. Quiquia ut adipisci sit dolor quaerat.,True,es-es
9,10,872,3,Porro amet sit quiquia. Magnam tempora ut consectetur. Porro numquam neque dolor sed sit dolore. Tempora dolore adipisci consectetur quisquam. Neque quaerat dolorem sit non voluptatem. Quisquam numquam aliquam dolore ut. Ipsum eius sit adipisci etincidunt dolor. Tempora dolor numquam quiquia quiquia sed aliquam quiquia.,False,2022-08-17 15:09:01,2023-05-08 12:50:40,2023-05-08 12:50:41,False,,,9,307,5075,3,False,False,Numquam quiquia eius dolorem neque est sed.,Aliquam non sit eius neque adipisci. Voluptatem quisquam dolor dolore sed ipsum sed. Neque modi ut quiquia est voluptatem eius porro. Quiquia ipsum numquam sed aliquam amet. Amet sed velit ut ipsum dolore. Labore dolore quiquia non sed sit sit est. Porro dolor quaerat etincidunt aliquam.,True,fr
